Location,ID_SINAN,ID_CADASTRO,STATUS,PEAL_Outbreak,YFV_Final_Result,Date,year,month,day,Date_death,Date_notification,Popular_name,Scientific_name,Location,Observation,latitude,longitude,IHQ_Result,PCR_Result,Cause_death,TCE,Main_clinical_alterations,PNH_nb,MULTIPLEX_PCR_SEQUENCING,MULTIPLEX_PCR_BARCODE_NUMBER,MULTIPLEX_PCR_LIBRARY_NAME,MULTIPLEX_PCR_Nb of reads mapped,Average depth coverage,MULTIPLEX_PCR_Bases covered >10x,MULTIPLEX_PCR_Bases covered >25x,MULTIPLEX_PCR_Reference covered (%),SMART_9N_SEQUENCING,SMART_9N_BARCODE_NUMBER,SMART_9N_LIBRARY_NAME,SMART_9N_Nb of reads mapped,SMART_9N_Average depth coverage,SMART_9N_Bases covered >10x,SMART_9N_Bases covered >25x,SMART_9N_Reference covered (%),KRAKEN2_DISCOVERY
Norte,5732718,72232,Being_sequenced,yes_lab_positive,Positive,09/10/2017,2017,10,9,unknown,09/10/2017,howler_monkey,Alouatta clamitans,"Rua General Isidoro Dias Lopes, 600 - Vila Amália - CEP: 02618-290 - São Paulo - SP",,-23.464568,-46.6488902,não tem,Positivo,"Infectious, viral agent, yellow fever",-,Autólise avançada.,2067,,,,,,,,,,,,,,,,,
Norte,5732719,72262,No_sample,yes_lab_negative,Negative,10/10/2017,2017,10,10,unknown,10/10/2017,howler_monkey,Alouatta clamitans,"Avenida Tenente Julio Prado Neves, s/n - Tremembé - CEP: 02370-000 - São Paulo - SP",,-23.4635875,-46.6220633,Negativo,Negativo (fígado),"Trauma, suspeita",-,"Autólise, fratura exposta em MTD, laceração em pele, ruptura gástrica, conteúdo abdominal livre em cavidade",,,,,,,,,,,,,,,,,,
Mairipora,5732727,72621,No_sample,,Negative,21/10/2017,2017,10,21,20/10/2017,21/10/2017,howler_monkey,Alouatta clamitans,"Alameda dos Cardeais, 295 - Condominio Alpes da Cantareira - CEP: 07600-000 - Mairiporã - SP",,-23.4172743,-46.6539609,Negativo,Negativo (fígado),"Trauma, predation",-,"Lesões perfurantes, fratura de costela",,,,,,,,,,,,,,,,,,
Norte,5732728,71769,No_sample,yes_lab_negative,Negative,26/09/2017,2017,9,26,22/10/2017,23/10/2017,marmoset,Callithrix sp.,"Rua do Horto, 931 - Horto Florestal - CEP: 023770-000 - São Paulo - SP - CONFIRMAR",CEP para o endereco 02377-010,-23.4581103,-46.6342609,Negativo,Negativo,Euthanasia,-,Ausência de alterações,,,,,,,,,,,,,,,,,,
Norte,5732734,72729,No_sample,,Negative,26/10/2017,2017,10,26,unknown,26/10/2017,howler_monkey,Alouatta clamitans,"Estrada do Barrocada, 2700 - Sítio Barrocada - CEP: 02282-000 - São Paulo - SP","acha so Estrada do Barrocada, Sítio Barrocada (sem o numero) e CEP da para um lugar diferente e nao acha o cep original",-23.4051282,-46.5756682,Negativo,Negativo,"Trauma, undetermined",-,"Fratura de vértebras coccígeas em região de base de cauda com laceração em tecido cutâneo e muscular, associado a miíase",,,,,,,,,,,,,,,,,,
Mairipora,5732737,72781,No_sample,,Negative,29/10/2017,2017,10,29,28/10/2017,29/10/2017,howler_monkey,Alouatta clamitans,"Estrada Santa Inês, km 15 - CEP: 07600-000 - Mairiporã - SP","nao acha pelo km, cep diferente",-23.4189989,-46.6655516,Negativo,Negativo,Inconclusive,-,"Hematoma em região torácica, baço com bordos irregulares, encéfalo congesto",,,,,,,,,,,,,,,,,,
Norte,5732738,72787,No_sample,yes_lab_negative,Negative,29/10/2017,2017,10,29,29/10/2017,29/10/2017,howler_monkey,Alouatta clamitans,"Av. Santa Inês, 2000 - Jardim Peri - CEP: 02611-001 - São Paulo - SP","so acha por Av. Santa Inês, 2000 - Jardim Carlu, São Paulo - SP, 02423-030, Brasil",-23.4648443,-46.6340698,Negativo,Negativo,"Trauma, neurogenic shock",X,"Fratura craniana associada a herniação e hemorragia em encéfalo, fratura de mandíbula, secreção amarelada sobre superfície pulmonar",,,,,,,,,,,,,,,,,,
Norte,5732751,72959,No_sample,yes_lab_negative,Negative,04/11/2017,2017,11,4,03/11/2017,04/11/2017,howler_monkey,Alouatta clamitans,"P.E. Albert Lofgren - Rua do Horto, 931 - Horto Florestal - CEP: 023770-000 - São Paulo - SP","** se coloca so rua do horto 931 da em um lugar diferent. Policiamento Ambiental do Estado de São Paulo - R. do Horto, 931 - Horto Florestal, São Paulo - SP, Brasil",-23.4598158,-46.6361394,Negativo,Negativo,Inconclusive,-,"Área enegrecida em lobo pulmonar, congestão discreta de vasos de meninge",,,,,,,,,,,,,,,,,,
Norte,4304004,73140,No_sample,,Negative,10/11/2017,2017,11,10,10/11/2017,10/11/2017,howler_monkey,Alouatta clamitans,"Avenida Nova Cantareira, 5771 - Vila Albertina - CEP: 02340-002 - São Paulo - SP","Av. Nova Cantareira, 5771 - Tucuruvi, São Paulo - SP, 02341-002,",-23.4508046,-46.6164128,Negativo,Negativo (fígado),"Trauma, acidental, electrocution",-,"Lesões superficiais por queimadura, hemorragia pulmonar, esplenomegalia, palidez de coração e fígado, congestão de vasos intestinais e encéfalo.",,,,,,,,,,,,,,,,,,
Mairipora,4304010,73237,No_sample,,Negative,14/11/2017,2017,11,14,14/11/2017,14/11/2017,howler_monkey,Alouatta clamitans,"Estrada da Roseira, s/n - Condominio Parque Imperial - CEP: 07600-000 - Mairiporã - SP","Estr. da Roseira - Mairiporã, SP, 07600-000, Brasil. nao acha o condominio",-23.3663779,-46.6125439,Negativo,Negativo,"Euthanasia, electrocution",-,"Lesões necrosantes e lacerativas em MTs, região abdominal e cauda, nefropatia",,,,,,,,,,,,,,,,,,
Mairipora,4304011,73275,No_sample,,Positive,16/11/2017,2017,11,16,16/11/2017,16/11/2017,howler_monkey,Alouatta clamitans,"Estrada Santa Inês, altura do no. 3000 (km 34) - CEP: 07600-000 - Mairiporã - SP","nao acha pelo km, cep diferente",-23.4189989,-46.6655516,Positivo,Positivo,"Infectious, viral, yellow fever",-,"Icterícia, hepatite",,,,,,,,,,,,,,,,,,
Mairipora,4304011,73276,No_sample,,Positive,16/11/2017,2017,11,16,16/11/2017,16/11/2017,howler_monkey,Alouatta clamitans,"Estrada Santa Inês, altura do no. 3000 (km 34) - CEP: 07600-000 - Mairiporã - SP","nao acha pelo km, cep diferente",-23.4189989,-46.6655516,Negativo,Positivo,Euthanasia,-,Ausência de alterações. Febre amarela.,,,,,,,,,,,,,,,,,,
Norte,4304016,73383,No_sample,,Negative,20/11/2017,2017,11,20,20/11/2017,20/11/2017,howler_monkey,Alouatta clamitans,"Rua Cântarus, 73 - Tremembé - CEP: 02289-000 - São Paulo - SP",pelo CEP da diferente,-23.4183528,-46.5822123,Amostra inadequada- sem amostra figado,Negativo,Euthanasia,-,"Líquido em cavidade abdominal, áreas de coloraçãpo vermelho-enegrecida no pulmão, secreção espumosa em traqueia",,,,,,,,,,,,,,,,,,
Norte,4304018,73490,No_sample,,Undetermined,22/11/2017,2017,11,22,unknown,23/11/2017,howler_monkey,Alouatta clamitans,"Estrada Clementina Cardoso da Silva, s/n - Sítio Botuquara - CEP: 02988-000 - São Paulo - SP",,-23.4224643,-46.7211147,Amostra não enviada,Amostra não enviada,Undetermined,-,-,,,,,,,,,,,,,,,,,,
Mairipora,4304020,73553,No_sample,,Positive,25/11/2017,2017,11,25,unknown,26/11/2017,howler_monkey,Alouatta clamitans,"Estrada da Roseira, 780 - São Luiz - CEP: 07600-000 - Mairiporã - SP",,-23.3668848,-46.6136934,Positivo,Positivo,"Infectious, viral agent, yellow fever",-,"Hepatopatia, nefropatia e pneumonia",,,,,,,,,,,,,,,,,,
Mairipora,4304024,73635,No_sample,,Positive,28/11/2017,2017,11,28,28/11/2017,28/11/2017,howler_monkey,Alouatta clamitans,"Estrada da Roseira, altura 8000 - CEP: 07600-000 - Mairiporã - SP","nao acho pela altura, Estr. da Roseira - Mairiporã, SP, 07600-000, Brasil",-23.3663779,-46.6125439,Positivo,Positivo,"Euthanasia, yellow fever",-,"Sangue em cavidade oral, fógado vinhoso com áreas amareladas entremeadas",,,,,,,,,,,,,,,,,,
Norte,4304025,73641,No_sample,,Negative,28/11/2017,2017,11,28,unknown,28/11/2017,howler_monkey,Alouatta clamitans,"Rua Kotinda, 1781 - Jardim Corizo - CEP: 02365-010 - São Paulo - SP","R. Kotinda, 1781 - Furnas, São Paulo - SP, 02366-265",-23.4238981,-46.5811609,Negativo,Negativo,Undetermined by autolysis,-,Todos os órgãos friáveis - autólise,,,,,,,,,,,,,,,,,,
Norte,4304026,73650,No_sample,,Negative,28/11/2017,2017,11,28,28/11/2017,28/11/2017,howler_monkey,Alouatta clamitans,"Rua Capitão José Aguirre Camargo, 400 - Tremembé - CEP: 02357-120 - São Paulo - SP","nao acha o cep R. Cap. José Aguirre Camargo, 400 - Tremembé, São Paulo",-23.4445678,-46.6101336,Negativo,Negativo,"Euthanasia, trauma, predation",-,"Hemorragia e edema pulmonar, hemorragia renal, hematomas em musculatura de região torácica e lombar",,,,,,,,,,,,,,,,,,
Mairipora,4304027,73671,No_sample,,Negative,29/11/2017,2017,11,29,29/11/2017,29/11/2017,howler_monkey,Alouatta clamitans,"Estrada Abílio Barbosa Prado, 60 - Parque Petrópolis - CEP: 07600-000 - Mairiporã - SP","nao acha pelo numero, Estr. Abílio Barbosa Do Prado - Mairiporã, SP, 07600-000, Brasil",-23.3662185,-46.592896,Negativo,Negativo,Euthanasia,-,"Congestão discreta de encéfalo, áreas avermelhadas em lobos pulmonares, palidez em região medular renal",,,,,,,,,,,,,,,,,,
Mairipora,4304027,73672,No_sample,,Negative,29/11/2017,2017,11,29,29/11/2017,29/11/2017,howler_monkey,Alouatta clamitans,"Estrada Abílio Barbosa Prado, 60 - Parque Petrópolis - CEP: 07600-000 - Mairiporã - SP","nao acha pelo numero, Estr. Abílio Barbosa Do Prado - Mairiporã, SP, 07600-000, Brasil",-23.3662185,-46.592896,Negativo,Negativo (fígado),Euthanasia,-,Ausência de alterações,,,,,,,,,,,,,,,,,,
Norte,4304031,73780,No_sample,yes_lab_negative,Negative,03/12/2017,2017,12,3,unknown,03/12/2017,howler_monkey,Alouatta clamitans,"P.E. Albert Lofgren - Rua do Horto, 931 - Horto Florestal - CEP: 02377-000 - São Paulo - SP","** se coloca so rua do horto 931 da em um lugar diferent. Policiamento Ambiental do Estado de São Paulo - R. do Horto, 931 - Horto Florestal, São Paulo - SP, Brasil",-23.4598158,-46.6361394,Negativo,Negativo,Undetermined by autolysis,-,Autólise avançada,,,,,,,,,,,,,,,,,,
Norte,4304032,73781,Sequenced,,Positive,03/12/2017,2017,12,3,unknown,03/12/2017,howler_monkey,Alouatta clamitans,"Rua Antonieta Del Picchia, 246 - Jardim Ibiratiba - CEP: 02359-010 - São Paulo - SP",,-23.448098,-46.6199025,Positivo,Positivo,"Infectious, viral agent, yellow fever",-,"Efusão ascítica, efusão pericárdica, lesões pumonares, hepatopatia",2457,Sequenced,BC01,YFV_Lib02Rep_20220516,119279,2816.48,10224,10025,86.2602,,,,,,,,,
Norte,4304033,73809,Sequenced,yes_lab_positive,Positive,05/12/2017,2017,12,5,unknown,05/12/2017,howler_monkey,Alouatta clamitans,"P.E. Cantareira - Rua do Horto, 1799 - Horto Florestal - CEP: 02377-000 - São Paulo - SP","Parque Estadual Cantareira - Núcleo Pedra Grande - R. do Horto, 1799 - Horto Florestal, São Paulo - SP, 02377-000, Brasil",-23.4542863,-46.6360281,Positivo,Positivo,"Infectious, viral agent, yellow fever",-,"Hepatiopatia, nefropatia, hepatização pulmonar",2508,Sequenced,BC01,YFV_horto,14587,677.537,10221,9804,80.0995,,,,,,,,,
Norte,4304034,73810,Sequenced,,Positive,05/12/2017,2017,12,5,unknown,05/12/2017,howler_monkey,Alouatta clamitans,"Rua Antonieta Del Picchia, 246 - Jardim Ibiratiba - CEP: 02359-010 - São Paulo - SP",,-23.448098,-46.6199025,Inadequado,Positivo,"Infectious, viral agent, yellow fever",-,"Hepatopatia, áreas avermelhadas em lobos pulmonares, efusão abdominal",2510,Sequenced,BC02,YFV_horto,42083,1737,10232,10231,86.5089,,,,,,,,,
Norte,4304036,73816,No_sample,,Positive,05/12/2017,2017,12,5,unknown,05/12/2017,howler_monkey,Alouatta clamitans,"Rua Antonieta Del Picchia, 246 - Jardim Ibiratiba - CEP: 02359-010 - São Paulo - SP",,-23.448098,-46.6199025,Positivo,Positivo,"Infectious, viral agent, yellow fever",-,"Hepatopatia, nefropatia, congestão pulmonar",,,,,,,,,,,,,,,,,,
Norte,4304037,73820,No_sample,,Positive,05/12/2017,2017,12,5,unknown,05/12/2017,howler_monkey,Alouatta clamitans,"R. Mateus García, 2000 - Vila Irmaos Arnoni - CEP: 02374-000 - São Paulo - SP",,-23.4545195,-46.6235704,Positivo,Positivo,"Infectious, viral agent, yellow fever",-,"Palidez generalizada, hemoperitônio, hepatopatia e esplenomegalia",,,,,,,,,,,,,,,,,,
Norte,4304037,73821,No_sample,,Positive,05/12/2017,2017,12,5,05/12/2017,05/12/2017,howler_monkey,Alouatta clamitans,"R. Mateus García, 2000 - Vila Irmaos Arnoni - CEP: 02374-000 - São Paulo - SP",,-23.4545195,-46.6235704,Positivo,Positivo,"Euthanasia, Infectious, yellow fever",X,"Palidez hepática, coágulo sanguíneo livre em calota craniana, cerebelo intensamente congesto, encéfalo congesto",,,,,,,,,,,,,,,,,,
Norte,4304038,73840,Sequenced,,Positive,05/12/2017,2017,12,5,05/12/2017,05/12/2017,howler_monkey,Alouatta clamitans,"Avenida Coronel Sezefredo Fagundes, 14227 - Jardim das Pedras - CEP: 02368-000 - São Paulo - SP","CEP errado Av. Cel. Sezefredo Fagundes, 14227 - Jardim das Pedras, São Paulo - SP, 02367-075, Brasil",-23.4161991,-46.5845585,Positivo,Positivo,"Infectious, viral agent, yellow fever",-,"Congestão e edema pulmonar, miocárdio pálido, com coágulos, palidez hepática e renal, com áreas amareladas",2513,Sequenced,BC03,YFV_horto,5822,269.839,10039,8449,69.4355,,,,,,,,,
Norte,4304039,73888,Sequenced,,Positive,07/12/2017,2017,12,7,unknown,07/12/2017,howler_monkey,Alouatta clamitans,"Rua Manoel Moraes Pontes, 649 - Vila Albertina - CEP: 02373-000 - São Paulo - SP",,-23.4520161,-46.6192767,Negativo,Positivo,"Trauma, possible electrocution",-,Pelame chamuscado,2701,Sequenced,BC08,YFV_horto,140742,3184.05,8800,8789,70.3288,,,,,,,,,
Norte,4304040,73889,No_sample,,Positive,07/12/2017,2017,12,7,unknown,07/12/2017,howler_monkey,Alouatta clamitans,"Rua Antonieta Del Picchia, 246 - Jardim Ibiratiba - CEP: 02359-010 - São Paulo - SP",,-23.448098,-46.6199025,Positivo,Positivo,"Infectious, viral agent, yellow fever",-,Autólise avançada,,,,,,,,,,,,,,,,,,
Norte,4304042,73941,No_sample,,Positive,08/12/2017,2017,12,8,unknown,08/12/2017,howler_monkey,Alouatta clamitans,"Rua Antonieta Del Picchia, 246 - Jardim Ibiratiba - CEP: 02359-010 - São Paulo - SP",,-23.448098,-46.6199025,Positivo,Positivo,"Infectious, viral, yellow fever",-,"Hepatopatia, múltiplas fissuras hepáticas, coágulos e líquido sanguinolento livres em cavidade abdominal, efusão pericárdica, palidez renal",,,,,,,,,,,,,,,,,,
Norte,4304042,73942,No_sample,,Positive,08/12/2017,2017,12,8,unknown,08/12/2017,howler_monkey,Alouatta clamitans,"Rua Antonieta Del Picchia, 246 - Jardim Ibiratiba - CEP: 02359-010 - São Paulo - SP",,-23.448098,-46.6199025,Positivo,Positivo,"Trauma, yellow fever",X,"Coágulos livres em cavidade abdominal, aderidos em superfície hepática e em cavidade torácica, fratura de calota craniana, hematomas em musculatura de região torácica, hepato e nefropatia",,,,,,,,,,,,,,,,,,
Norte,4304042,73943,No_sample,,Positive,08/12/2017,2017,12,8,unknown,08/12/2017,howler_monkey,Alouatta clamitans,"Rua Antonieta Del Picchia, 246 - Jardim Ibiratiba - CEP: 02359-010 - São Paulo - SP",,-23.448098,-46.6199025,Positivo,Positivo,"Infectious, viral, yellow fever",-,Hepatopatia,,,,,,,,,,,,,,,,,,
Norte,4304042,73944,No_sample,,Undetermined,08/12/2017,2017,12,8,unknown,08/12/2017,howler_monkey,Alouatta clamitans,"Rua Antonieta Del Picchia, 246 - Jardim Ibiratiba - CEP: 02359-010 - São Paulo - SP",,-23.448098,-46.6199025,amostra não enviada,amostra não enviada,Undetermined by autolysis,-,Autólise avançada,,,,,,,,,,,,,,,,,,
Norte,4304042,73945,No_sample,,Undetermined,08/12/2017,2017,12,8,unknown,08/12/2017,howler_monkey,Alouatta clamitans,"Rua Antonieta Del Picchia, 246 - Jardim Ibiratiba - CEP: 02359-010 - São Paulo - SP",,-23.448098,-46.6199025,amostra não enviada,amostra não enviada,Undetermined by autolysis,-,Autólise avançada,,,,,,,,,,,,,,,,,,
Mairipora,4304043,73946,No_sample,,Positive,08/12/2017,2017,12,8,unknown,08/12/2017,howler_monkey,Alouatta clamitans,"P.E. da Cantareira - Núcleo Águas Claras - Av. Senador José Erminio de Morais, s/n - CEP: 02357-000 - Mairiporã - SP","CEP errado Parque Estadual Cantareira - Núcleo Águas Claras - Av. Sen. José Ermírio de Moraes, s/n - Sítio Barrocada, Mairiporã - SP, 07600-000, Brasil",-23.4214045,-46.6215058,Positivo,Positivo,"Infectious, viral, yellow fever",-,"Edema pulmonar, hidropericárdio, icterícia, palidez de miocárdio e rins",,,,,,,,,,,,,,,,,,
Norte,4304044,73947,No_sample,yes_lab_negative,Negative,08/12/2017,2017,12,8,unknown,08/12/2017,howler_monkey,Alouatta clamitans,"P.E. da Cantareira - Núcleo Pedra Grande - Rua do Horto, 1799- Horto Florestal - CEP: 02377-000 - São Paulo - SP","Parque Estadual Cantareira - Núcleo Pedra Grande - R. do Horto, 1799 - Horto Florestal, São Paulo - SP, 02377-000, Brasil",-23.4542863,-46.6360281,Negativo,Negativo (fígado),"Trauma, undetermined",X,Trauma craniano e amputação de mão esquerda,,,,,,,,,,,,,,,,,,
Norte,4304046,73987,Sequenced,,Positive,11/12/2017,2017,12,11,unknown,11/12/2017,howler_monkey,Alouatta clamitans,"Rua Gervasio Leite Rebelo, 1073 - Jardim Peri Alto - CEP: 02675-050 - São Paulo - SP",,-23.4533649,-46.6709301,Positivo,Positivo,"Infectious, viral agent, yellow fever",-,"Hepatopatia, nefropatia, esplenomegalia, edema pulmonar intenso, ascite e efusão pericárdica",2682,Sequenced,BC07,YFV_Lib02Rep_20220516,78729,2838.26,10225,10218,89.336,,,,,,,,,
Norte,4304047,73988,Sequenced,yes_lab_positive,Positive,11/12/2017,2017,12,11,unknown,11/12/2017,howler_monkey,Alouatta clamitans,"P.E. da Cantareira - Núcleo Pedra Grande - Rua do Horto, 1799- Horto Florestal - CEP: 02377-000 - São Paulo - SP","Parque Estadual Cantareira - Núcleo Pedra Grande - R. do Horto, 1799 - Horto Florestal, São Paulo - SP, 02377-000, Brasil",-23.4542863,-46.6360281,Positivo,Positivo,"Infectious, viral agent, yellow fever",-,"Hemoperitônio, coágulos livres em cavidade abdominal, hepatopatia e nefropatia",2708,Sequenced,BC09,YFV_horto,30504,1401.84,10218,10214,85.9563,,,,,,,,,
Norte,4304049,73979,No_sample,,Positive,11/12/2017,2017,12,11,unknown,11/12/2017,howler_monkey,Alouatta clamitans,"Rua Artur Sievers, 370 - Jardim Ibiratiba- CEP: 02359-000 - - São Paulo - SP",,-23.4480666,-46.6185899,Positivo,Positivo,"Infectious, viral agent, yellow fever",-,"Hepatopatia, nefropatia, hidropericárdio",,,,,,,,,,,,,,,,,,
Norte,4304050,74016,Sequenced,yes_lab_positive,Positive,11/12/2017,2017,12,11,unknown,11/12/2017,howler_monkey,Alouatta clamitans,"P.E. da Cantareira - Núcleo Pedra Grande - Rua do Horto, 1799- Horto Florestal - CEP: 02377-000 - São Paulo - SP","Parque Estadual Cantareira - Núcleo Pedra Grande - R. do Horto, 1799 - Horto Florestal, São Paulo - SP, 02377-000, Brasil",-23.4542863,-46.6360281,Inadequado,Positivo,"Infectious, viral agent, yellow fever",-,"Hepatopatia, nefropatia, efusão pleural e pericárdica",2681,Sequenced,BC05,YFV_horto,27460,1254.72,10227,10208,86.03,,,,,,,,,
Norte,4304051,74071,No_sample,yes_lab_positive,Positive,12/12/2017,2017,12,12,unknown,12/12/2017,howler_monkey,Alouatta clamitans,"P.E. da Cantareira - Núcleo Pedra Grande - Rua do Horto, 1799- Horto Florestal - CEP: 02377-000 - São Paulo - SP","Parque Estadual Cantareira - Núcleo Pedra Grande - R. do Horto, 1799 - Horto Florestal, São Paulo - SP, 02377-000, Brasil",-23.4542863,-46.6360281,Positivo,Positivo,"Infectious, viral agent, yellow fever",-,"Hepatopatia, nefropatia, enterite hemorrágica, congestão pulmonar",,,,,,,,,,,,,,,,,,
Norte,4304051,74077,No_sample,yes_lab_positive,Undetermined,12/12/2017,2017,12,12,unknown,12/12/2017,howler_monkey,Alouatta clamitans,"P.E. da Cantareira - Núcleo Pedra Grande - Rua do Horto, 1799- Horto Florestal - CEP: 02377-000 - São Paulo - SP","Parque Estadual Cantareira - Núcleo Pedra Grande - R. do Horto, 1799 - Horto Florestal, São Paulo - SP, 02377-000, Brasil",-23.4542863,-46.6360281,amostra não enviada,amostra não enviada,,,,,,,,,,,,,,,,,,,,,
Norte,4304052,74070,No_sample,yes_lab_positive,Positive,12/12/2017,2017,12,12,unknown,12/12/2017,howler_monkey,Alouatta clamitans,"P.E. Albert Lofgren/ Horto Florestal - Rua do Horto, 931 - Horto Florestal - CEP: 02377-000 - São Paulo - SP","** se coloca so rua do horto 931 da em um lugar diferent. Policiamento Ambiental do Estado de São Paulo - R. do Horto, 931 - Horto Florestal, São Paulo - SP, Brasil",-23.4598158,-46.6361394,Positivo,Positivo,"Infectious, viral agent, yellow fever",-,"Hepatopatia, nefropatia, efusão pericárdica e peritoneal",,,,,,,,,,,,,,,,,,
Norte,4304053,74113,No_sample,yes_lab_positive,Positive,14/12/2017,2017,12,14,unknown,14/12/2017,howler_monkey,Alouatta clamitans,"P.E. da Cantareira - Núcleo Pedra Grande - Rua do Horto, 1799- Horto Florestal - CEP: 02377-000 - São Paulo - SP","Parque Estadual Cantareira - Núcleo Pedra Grande - R. do Horto, 1799 - Horto Florestal, São Paulo - SP, 02377-000, Brasil",-23.4542863,-46.6360281,Positivo,Positivo,"Infectious, viral agent, yellow fever",-,"Hepatopatia, nefropatia, efusão abdominal, efusão pericárdica e enterite hemorrágica",,,,,,,,,,,,,,,,,,
Norte,4304053,74114,No_sample,yes_lab_positive,Positive,14/12/2017,2017,12,14,unknown,14/12/2017,howler_monkey,Alouatta clamitans,"P.E. da Cantareira - Núcleo Pedra Grande - Rua do Horto, 1799- Horto Florestal - CEP: 02377-000 - São Paulo - SP","Parque Estadual Cantareira - Núcleo Pedra Grande - R. do Horto, 1799 - Horto Florestal, São Paulo - SP, 02377-000, Brasil",-23.4542863,-46.6360281,Positivo,Positivo,"Infectious, viral agent, yellow fever",X,"Hepatopatia, enterite grave, trauma crânio-encefálico",,,,,,,,,,,,,,,,,,
Norte,4304054,74115,No_sample,,Positive,14/12/2017,2017,12,14,unknown,14/12/2017,howler_monkey,Alouatta clamitans,"Rua Clovis Salgado, 220 - Jardim das Pedras - CEP: 02367-000 - São Paulo - SP",,-23.4191513,-46.5903346,Positivo,Positivo,"Infectious, viral agent, yellow fever",-,"Hepatopatia, nefropatia, efusão pleural e pericárdica",,,,,,,,,,,,,,,,,,
Norte,4304056,74141,Sequenced,yes_lab_positive,Positive,14/12/2017,2017,12,14,unknown,14/12/2017,howler_monkey,Alouatta clamitans,"P.E. da Cantareira - Núcleo Pedra Grande - Rua do Horto, 1799- Horto Florestal - CEP: 02377-000 - São Paulo - SP","Parque Estadual Cantareira - Núcleo Pedra Grande - R. do Horto, 1799 - Horto Florestal, São Paulo - SP, 02377-000, Brasil",-23.4542863,-46.6360281,Positivo,Positivo,"Infectious, viral agent, yellow fever",-,"Palidez e fissuras hepáticas, líquido sanguinolento e coágulos livres em cavidade abdominal, esplenomegalia, palidez renal e efusão pericárdica",2677,Sequenced,BC16,YFV_Lib02Rep_20220516,101043,2986.2,10145,9961,83.1568,,,,,,,,,
Norte,4304057,74150,No_sample,,Positive,15/12/2017,2017,12,15,14/12/2017,15/12/2017,howler_monkey,Alouatta clamitans,"Avenida Deputado Cantídio Sampaio, 4595 - Vila Souza - CEP: 02860-001 - São Paulo - SP","CEP errado. Av. Dep. Cantídio Sampaio, 4595 - Vila Souza, São Paulo - SP, 02855-035, Brasil",-23.4461853,-46.7052696,Positivo,Positivo,"Infectious, viral agent, yellow fever",-,"Hepatopatia, nefropatia, hemorragia pulmonar",,,,,,,,,,,,,,,,,,
Norte,4304058,74167,No_sample,,Positive,15/12/2017,2017,12,15,unknown,15/12/2017,howler_monkey,Alouatta clamitans,"Avenida Nova Cantareira, 6699 - Jardim Ibiratiba - CEP: 02341-002 - São Paulo - SP","Av. Nova Cantareira, 6699 - Tucuruvi, São Paulo - SP, 02341-002, Brasil",-23.4461714,-46.6176563,Positivo,Positivo,"Trauma, possible electrocution",-,"Lacerações superficiais em membro e face, hemorragia abdominal, palidez hepática. Febre amarela.",,,,,,,,,,,,,,,,,,
Norte,4304059,74192,Sequenced,yes_lab_positive,Positive,16/12/2017,2017,12,16,unknown,16/12/2017,howler_monkey,Alouatta clamitans,"P.E. Albert Lofgren/ Horto Florestal - Rua do Horto, 931 - Horto Florestal - CEP: 02377-000 - São Paulo - SP","** se coloca so rua do horto 931 da em um lugar diferent. Policiamento Ambiental do Estado de São Paulo - R. do Horto, 931 - Horto Florestal, São Paulo - SP, Brasil",-23.4598158,-46.6361394,Positivo,Positivo,"Infectious, viral agent, yellow fever",-,"Vários órgãos friáveis - autolisados, hepatopatia, lobos pulmonares avermelhados",2684,Sequenced,BC07,YFV_horto,14852,691.064,10210,10023,83.0924,,,,,,,,,
Norte,4304060,74193,No_sample,,Positive,16/12/2017,2017,12,16,unknown,16/12/2017,howler_monkey,Alouatta clamitans,Praça Lions Club Tremembé - Vila Albertina - CEP: 02373-060 - São Paulo - SP,"Praça Lions Clube Tremembé - R. Maestro Pedro Jatobá - Vila Albertina, São Paulo - SP, 02373-060, Brasil",-23.4517279,-46.6184316,Positivo,Positivo,"Infectious, viral agent, yellow fever",-,"Hemoperitônio, hidropericárdio, hepatopatia, hemorragia pulmonar",,,,,,,,,,,,,,,,,,
Norte,4304060,74194,No_sample,,Positive,16/12/2017,2017,12,16,unknown,16/12/2017,howler_monkey,Alouatta clamitans,Praça Lions Club Tremembé - Vila Albertina - CEP: 02373-060 - São Paulo - SP,"Praça Lions Clube Tremembé - R. Maestro Pedro Jatobá - Vila Albertina, São Paulo - SP, 02373-060, Brasil",-23.4517279,-46.6184316,Positivo,Positivo,"Infectious, viral agent, yellow fever",-,"Efusão pericárdica, abdominal e torácica, lobos hepáticos amarelados, hemorragia pulmonar, esplenomegalia",,,,,,,,,,,,,,,,,,
Norte,4304060,74195,No_sample,,Positive,16/12/2017,2017,12,16,16/12/2017,16/12/2017,howler_monkey,Alouatta clamitans,Praça Lions Club Tremembé - Vila Albertina - CEP: 02373-060 - São Paulo - SP,"Praça Lions Clube Tremembé - R. Maestro Pedro Jatobá - Vila Albertina, São Paulo - SP, 02373-060, Brasil",-23.4517279,-46.6184316,Positivo,Positivo,"Infectious, viral agent, yellow fever",-,"Autólise de vários órgãos, palidez hepática e renal, hemoperitônio",,,,,,,,,,,,,,,,,,
Norte,4304061,74203,No_sample,,Positive,17/12/2017,2017,12,17,unknown,17/12/2017,howler_monkey,Alouatta clamitans,"Avenida Deputado Cantídio Sampaio, 5686 - Vila Ana Rosa - CEP: 02857-000 - São Paulo - SP","CEP nao acha Av. Dep. Cantídio Sampaio, 5686 - Vila Nova Parada, São Paulo - SP, 02675-031, Brasil",-23.4381956,-46.7092847,Positivo,Positivo,"Infectious, viral agent, yellow fever",,"Hepatopatia, líquido livre em cavidade abdominal, rins heterogêneos, colecistite",,,,,,,,,,,,,,,,,,
Norte,4304061,74204,No_sample,,Positive,17/12/2017,2017,12,17,unknown,17/12/2017,howler_monkey,Alouatta clamitans,"Avenida Deputado Cantídio Sampaio, 5686 - Vila Ana Rosa - CEP: 02857-000 - São Paulo - SP","CEP nao acha Av. Dep. Cantídio Sampaio, 5686 - Vila Nova Parada, São Paulo - SP, 02675-031, Brasil",-23.4381956,-46.7092847,Positivo,Positivo,"Infectious, viral agent, yellow fever",-,"Hepatopatia, nefropatia, áreas de coloração avermelhada em mucosa de intestino grosso",,,,,,,,,,,,,,,,,,
Norte,4304062,74210,Sequenced,,Positive,17/12/2017,2017,12,17,unknown,17/12/2017,howler_monkey,Alouatta clamitans,"Avenida Nova Cantareira, 6370 - Tucuruvi - CEP: 02340-002 - São Paulo - SP",,-23.4476865,-46.6163571,Positivo,Positivo,"Infectious, viral agent, yellow fever",-,"Hepatopatia, hemorragia pulmonar, esplenomegalia, autólise.",2671,Sequenced,BC15,YFV_Lib02Rep_20220516,2129,99.9245,8171,6818,51.4412,,,,,,,,,
Norte,4304062,74211,No_sample,,Positive,17/12/2017,2017,12,17,unknown,17/12/2017,howler_monkey,Alouatta clamitans,"Avenida Nova Cantareira, 6370 - Tucuruvi - CEP: 02340-002 - São Paulo - SP",,-23.4476865,-46.6163571,Positivo,Positivo,"Infectious, viral agent, yellow fever",-,Hepato e nefropatia,,,,,,,,,,,,,,,,,,
Norte,4304063,74213,No_sample,yes_lab_positive,Positive,17/12/2017,2017,12,17,unknown,17/12/2017,howler_monkey,Alouatta clamitans,"P.E. Albert Lofgren/ Horto Florestal - Rua do Horto, 931 - Horto Florestal - CEP: 02377-000 - São Paulo - SP","** se coloca so rua do horto 931 da em um lugar diferent. Policiamento Ambiental do Estado de São Paulo - R. do Horto, 931 - Horto Florestal, São Paulo - SP, Brasil",-23.4598158,-46.6361394,Positivo,Positivo,"Infectious, viral agent, yellow fever",-,"Esplenomegalia, hepatopatia, hemorragia pulmonar, ascite, hidropericárdio",,,,,,,,,,,,,,,,,,
Norte,4304063,74214,No_sample,yes_lab_positive,Positive,17/12/2017,2017,12,17,unknown,17/12/2017,howler_monkey,Alouatta clamitans,"P.E. Albert Lofgren/ Horto Florestal - Rua do Horto, 931 - Horto Florestal - CEP: 02377-000 - São Paulo - SP","** se coloca so rua do horto 931 da em um lugar diferent. Policiamento Ambiental do Estado de São Paulo - R. do Horto, 931 - Horto Florestal, São Paulo - SP, Brasil",-23.4598158,-46.6361394,Positivo,Positivo,"Infectious, viral agent, yellow fever",-,Hepatopatia e nefropatia,,,,,,,,,,,,,,,,,,
Norte,4304063,74215,No_sample,yes_lab_positive,Positive,17/12/2017,2017,12,17,17/12/2017,17/12/2017,howler_monkey,Alouatta clamitans,"P.E. Albert Lofgren/ Horto Florestal - Rua do Horto, 931 - Horto Florestal - CEP: 02377-000 - São Paulo - SP","** se coloca so rua do horto 931 da em um lugar diferent. Policiamento Ambiental do Estado de São Paulo - R. do Horto, 931 - Horto Florestal, São Paulo - SP, Brasil",-23.4598158,-46.6361394,Positivo,Positivo,"Euthanasia, yellow fever",-,Ausência de lesões,,,,,,,,,,,,,,,,,,
Norte,4304064,74228,No_sample,,Positive,18/12/2017,2017,12,18,unknown,18/12/2017,howler_monkey,Alouatta clamitans,"Avenida Senador José Ermírio de Moraes, 1250 - Tremembé - CEP: 02357-002 - São Paulo - SP",,-23.4450952,-46.6131346,Positivo,Positivo,"Infectious, viral agent, yellow fever",-,"Hepatopatia, ascite, hidropericárdio, esplenomegalia",2675,,,,,,,,,,,,,,,,,
Norte,5734913,74229,Sequenced,,Positive,18/12/2017,2017,12,18,18/12/2017,19/12/2017,howler_monkey,Alouatta clamitans,"Avenida Senador José Ermírio de Moraes, 1250 - Tremembé - CEP: 02357-002 - São Paulo - SP",,-23.4450952,-46.6131346,inconclusiva,Positivo,"Euthanasia, yellow fever",-,"Pulmões, rins e fígado sangrantes ao corte, discreta palidez de medula renal",2779,Sequenced,BC30,YFV_Lib02Rep_20220516,322474,4492.1,10215,9738,82.7793,,,,,,,,,
Norte,5734914,74142,No_sample,yes_lab_positive,Positive,19/12/2017,2017,12,19,19/12/2017,19/12/2017,howler_monkey,Alouatta clamitans,"P.E. da Cantareira - Núcleo Pedra Grande - Rua do Horto, 1799- Horto Florestal - CEP: 02377-000 - São Paulo - SP","Parque Estadual Cantareira - Núcleo Pedra Grande - R. do Horto, 1799 - Horto Florestal, São Paulo - SP, 02377-000, Brasil",-23.4542863,-46.6360281,Positivo,Positivo,"Infectious, viral agent, yellow fever",-,Hepatpatia,,,,,,,,,,,,,,,,,,
Norte,5734916,74287,No_sample,,Positive,19/12/2017,2017,12,19,19/12/2017,19/12/2017,marmoset,Callithrix sp.,"Rua Elcio Mazzei, 26 - Santana - CEP: 02408-140 - São Paulo - SP",,-23.4803478,-46.6272311,Negativo,Positivo,"Euthanasia, trauma",-,"Fratura de úmero, hematoma extnso, congestão pulmonar, palidez esplênica e hemorragia renal",,,,,,,,,,,,,,,,,,
Norte,5734917,74300,No_sample,yes_lab_positive,Positive,19/12/2017,2017,12,19,unknown,19/12/2017,howler_monkey,Alouatta clamitans,"P.E. Albert Lofgren/ Horto Florestal - Rua do Horto, 931 - Horto Florestal - CEP: 02377-000 - São Paulo - SP","** se coloca so rua do horto 931 da em um lugar diferent. Policiamento Ambiental do Estado de São Paulo - R. do Horto, 931 - Horto Florestal, São Paulo - SP, Brasil",-23.4598158,-46.6361394,Positivo,Positivo,"Infectious, viral agent, yellow fever",-,Hepatopatia e nefropatia,,,,,,,,,,,,,,,,,,
Norte,5734917,74301,No_sample,yes_lab_positive,Positive,19/12/2017,2017,12,19,19/12/2017,19/12/2017,howler_monkey,Alouatta clamitans,"P.E. Albert Lofgren/ Horto Florestal - Rua do Horto, 931 - Horto Florestal - CEP: 02377-000 - São Paulo - SP","** se coloca so rua do horto 931 da em um lugar diferent. Policiamento Ambiental do Estado de São Paulo - R. do Horto, 931 - Horto Florestal, São Paulo - SP, Brasil",-23.4598158,-46.6361394,Positivo,Positivo,"Infectious, viral agent, yellow fever",-,Hepatopatia e nefropatia,,,,,,,,,,,,,,,,,,
Norte,5734917,74302,No_sample,yes_lab_positive,Positive,19/12/2017,2017,12,19,19/12/2017,19/12/2017,howler_monkey,Alouatta clamitans,"P.E. Albert Lofgren/ Horto Florestal - Rua do Horto, 931 - Horto Florestal - CEP: 02377-000 - São Paulo - SP","** se coloca so rua do horto 931 da em um lugar diferent. Policiamento Ambiental do Estado de São Paulo - R. do Horto, 931 - Horto Florestal, São Paulo - SP, Brasil",-23.4598158,-46.6361394,Positivo,Positivo,"Infectious, viral agent, yellow fever",-,"Hepatopatia, nefropatia, ascite, hidropericárdio",,,,,,,,,,,,,,,,,,
Norte,5734919,74327,No_sample,yes_lab_positive,Positive,20/12/2017,2017,12,20,unknown,20/12/2017,howler_monkey,Alouatta clamitans,"P.E. Albert Lofgren/ Horto Florestal - Rua do Horto, 931 - Horto Florestal - CEP: 02377-000 - São Paulo - SP","** se coloca so rua do horto 931 da em um lugar diferent. Policiamento Ambiental do Estado de São Paulo - R. do Horto, 931 - Horto Florestal, São Paulo - SP, Brasil",-23.4598158,-46.6361394,Positivo,Positivo,"Infectious, viral agent, yellow fever",-,"Discreto conteúdo em estômago e alças, órgãos friáveis (autólise), hepatopatia, palidez renal, ascite, hidropericárdio.",,,,,,,,,,,,,,,,,,
Norte,5734919,74328,No_sample,yes_lab_positive,Positive,20/12/2017,2017,12,20,unknown,20/12/2017,howler_monkey,Alouatta clamitans,"P.E. Albert Lofgren/ Horto Florestal - Rua do Horto, 931 - Horto Florestal - CEP: 02377-000 - São Paulo - SP","** se coloca so rua do horto 931 da em um lugar diferent. Policiamento Ambiental do Estado de São Paulo - R. do Horto, 931 - Horto Florestal, São Paulo - SP, Brasil",-23.4598158,-46.6361394,Positivo,Positivo,"Infectious, viral agent, yellow fever",-,"Fissura hepática, linfonodos mesentéricos com dimensões aumentadas",,,,,,,,,,,,,,,,,,
Norte,5734919,74329,No_sample,yes_lab_positive,Positive,20/12/2017,2017,12,20,unknown,20/12/2017,howler_monkey,Alouatta clamitans,"P.E. Albert Lofgren/ Horto Florestal - Rua do Horto, 931 - Horto Florestal - CEP: 02377-000 - São Paulo - SP","** se coloca so rua do horto 931 da em um lugar diferent. Policiamento Ambiental do Estado de São Paulo - R. do Horto, 931 - Horto Florestal, São Paulo - SP, Brasil",-23.4598158,-46.6361394,Amostra inadequada - sem fígado,Positivo,"Infectious, viral agent, yellow fever",-,"Hepatopatia, ascite, palidez renal, áreas hemorrágicas em intestino",,,,,,,,,,,,,,,,,,
Norte,5734920,74335,No_sample,,Negative,21/12/2017,2017,12,21,21/12/2017,21/12/2017,howler_monkey,Alouatta clamitans,"Rua do Anoitecer, 43 - Jardim Valparaíso - CEP: 02367-350 - São Paulo - SP",,-23.421927,-46.5880621,Negativo,Negativo,Euthanasia,-,"Discretas alterações, fezes amolecidas, lesão ulcerada em estômago",,,,,,,,,,,,,,,,,,
Norte,5734923,74340,No_sample,yes_lab_positive,Positive,21/12/2017,2017,12,21,unknown,21/12/2017,howler_monkey,Alouatta clamitans,"P.E. da Cantareira - Núcleo Pedra Grande - Rua do Horto, 1799- Horto Florestal - CEP: 02377-000 - São Paulo - SP","Parque Estadual Cantareira - Núcleo Pedra Grande - R. do Horto, 1799 - Horto Florestal, São Paulo - SP, 02377-000, Brasil",-23.4542863,-46.6360281,Positivo,Positivo,"Infectious, viral agent, yellow fever",-,"Hepatopatia, nefropatia, ascite, hidropericárdio, lesões pulmonares hemorrágicas",,,,,,,,,,,,,,,,,,
Norte,5734923,74342,No_sample,yes_lab_positive,Positive,21/12/2017,2017,12,21,unknown,21/12/2017,howler_monkey,Alouatta clamitans,"P.E. da Cantareira - Núcleo Pedra Grande - Rua do Horto, 1799- Horto Florestal - CEP: 02377-000 - São Paulo - SP","Parque Estadual Cantareira - Núcleo Pedra Grande - R. do Horto, 1799 - Horto Florestal, São Paulo - SP, 02377-000, Brasil",-23.4542863,-46.6360281,Positivo,Positivo,"Infectious, viral agent, yellow fever",-,"Hepatopatia, nefropatia, efusão abdominal",,,,,,,,,,,,,,,,,,
Norte,5734924,74346,No_sample,yes_lab_positive,Positive,21/12/2017,2017,12,21,unknown,21/12/2017,howler_monkey,Alouatta clamitans,"P.E. Albert Lofgren/ Horto Florestal - Rua do Horto, 931 - Horto Florestal - CEP: 02377-000 - São Paulo - SP","** se coloca so rua do horto 931 da em um lugar diferent. Policiamento Ambiental do Estado de São Paulo - R. do Horto, 931 - Horto Florestal, São Paulo - SP, Brasil",-23.4598158,-46.6361394,Positivo,Positivo,"Infectious, viral agent, yellow fever",-,"Fígado vermelho-amarelada, fissura hepática em vários lobos, coágulo sanguíneo livre em cavidade abdominal",,,,,,,,,,,,,,,,,,
Norte,5734924,74347,No_sample,yes_lab_positive,Positive,21/12/2017,2017,12,21,21/12/2017,21/12/2017,howler_monkey,Alouatta clamitans,"P.E. Albert Lofgren/ Horto Florestal - Rua do Horto, 931 - Horto Florestal - CEP: 02377-000 - São Paulo - SP","** se coloca so rua do horto 931 da em um lugar diferent. Policiamento Ambiental do Estado de São Paulo - R. do Horto, 931 - Horto Florestal, São Paulo - SP, Brasil",-23.4598158,-46.6361394,Amostra inadequada - sem fígado,Positivo,"Infectious, viral agent, yellow fever",-,"Hepatopatia, nefropatia, ascite e hidropericárdio",,,,,,,,,,,,,,,,,,
Norte,5734924,74348,No_sample,yes_lab_positive,Positive,21/12/2017,2017,12,21,unknown,21/12/2017,howler_monkey,Alouatta clamitans,"P.E. Albert Lofgren/ Horto Florestal - Rua do Horto, 931 - Horto Florestal - CEP: 02377-000 - São Paulo - SP","** se coloca so rua do horto 931 da em um lugar diferent. Policiamento Ambiental do Estado de São Paulo - R. do Horto, 931 - Horto Florestal, São Paulo - SP, Brasil",-23.4598158,-46.6361394,Positivo,Positivo,"Infectious, viral agent, yellow fever",-,"Hepatipatia, nefropatia e discreta ascite",,,,,,,,,,,,,,,,,,
Norte,5734926,74403,Sequenced,yes_lab_positive,Positive,22/12/2017,2017,12,22,unknown,22/12/2017,howler_monkey,Alouatta clamitans,"P.E. Albert Lofgren/ Horto Florestal - Rua do Horto, 931 - Horto Florestal - CEP: 02377-000 - São Paulo - SP","** se coloca so rua do horto 931 da em um lugar diferent. Policiamento Ambiental do Estado de São Paulo - R. do Horto, 931 - Horto Florestal, São Paulo - SP, Brasil",-23.4598158,-46.6361394,Positivo,Positivo,"Infectious, viral agent, yellow fever",-,"Hepatopatia, nefropatia, ascite.",2742,Sequenced,BC11,YFV_horto,24858,1138.62,10230,10175,84.9342,,,,,,,,,
Norte,5734926,74404,No_sample,yes_lab_positive,Positive,22/12/2017,2017,12,22,unknown,22/12/2017,howler_monkey,Alouatta clamitans,"P.E. Albert Lofgren/ Horto Florestal - Rua do Horto, 931 - Horto Florestal - CEP: 02377-000 - São Paulo - SP","** se coloca so rua do horto 931 da em um lugar diferent. Policiamento Ambiental do Estado de São Paulo - R. do Horto, 931 - Horto Florestal, São Paulo - SP, Brasil",-23.4598158,-46.6361394,Positivo,Positivo,"Infectious, viral agent, yellow fever",-,"Hepatopatia, palidez renal, ascite, hidropericárdio",,,,,,,,,,,,,,,,,,
Norte,5734926,74405,No_sample,yes_lab_positive,Positive,22/12/2017,2017,12,22,unknown,22/12/2017,howler_monkey,Alouatta clamitans,"P.E. Albert Lofgren/ Horto Florestal - Rua do Horto, 931 - Horto Florestal - CEP: 02377-000 - São Paulo - SP","** se coloca so rua do horto 931 da em um lugar diferent. Policiamento Ambiental do Estado de São Paulo - R. do Horto, 931 - Horto Florestal, São Paulo - SP, Brasil",-23.4598158,-46.6361394,Positivo,Positivo,"Infectious, viral agent, yellow fever",-,Hepato e nefropatia,,,,,,,,,,,,,,,,,,
Norte,5734930,74416,Being_sequenced,yes_lab_positive,Positive,24/12/2017,2017,12,24,unknown,24/12/2017,howler_monkey,Alouatta clamitans,"P.E. Albert Lofgren/ Horto Florestal - Rua do Horto, 931 - Horto Florestal - CEP: 02377-000 - São Paulo - SP","** se coloca so rua do horto 931 da em um lugar diferent. Policiamento Ambiental do Estado de São Paulo - R. do Horto, 931 - Horto Florestal, São Paulo - SP, Brasil",-23.4598158,-46.6361394,Positivo,Positivo,"Infectious, viral agent, yellow fever",-,"Hepatopatia, nefropatia e hemoperitôneo",2786,Sequenced,BC22,YFV_Lib02Rep_20220516,49506,1744.29,10230,9962,85.9011,,,,,,,,,
Norte,5734930,74417,Being_sequenced,yes_lab_positive,Positive,24/12/2017,2017,12,24,unknown,24/12/2017,howler_monkey,Alouatta clamitans,"P.E. Albert Lofgren/ Horto Florestal - Rua do Horto, 931 - Horto Florestal - CEP: 02377-000 - São Paulo - SP","** se coloca so rua do horto 931 da em um lugar diferent. Policiamento Ambiental do Estado de São Paulo - R. do Horto, 931 - Horto Florestal, São Paulo - SP, Brasil",-23.4598158,-46.6361394,Positivo,Positivo,"Infectious, viral agent, yellow fever",-,Hepatopatia e nefropatia,,,,,,,,,,,,,,,,,,
Norte,5734930,74418,Being_sequenced,yes_lab_positive,Positive,24/12/2017,2017,12,24,unknown,24/12/2017,howler_monkey,Alouatta clamitans,"P.E. Albert Lofgren/ Horto Florestal - Rua do Horto, 931 - Horto Florestal - CEP: 02377-000 - São Paulo - SP","** se coloca so rua do horto 931 da em um lugar diferent. Policiamento Ambiental do Estado de São Paulo - R. do Horto, 931 - Horto Florestal, São Paulo - SP, Brasil",-23.4598158,-46.6361394,Positivo,Positivo,"Infectious, viral agent, yellow fever",-,"Hepatopatia, nefropatia e hemoperitôneo - autólise moderada",,,,,,,,,,,,,,,,,,
Norte,5734930,74419,Being_sequenced,yes_lab_positive,Positive,24/12/2017,2017,12,24,unknown,24/12/2017,howler_monkey,Alouatta clamitans,"P.E. Albert Lofgren/ Horto Florestal - Rua do Horto, 931 - Horto Florestal - CEP: 02377-000 - São Paulo - SP","** se coloca so rua do horto 931 da em um lugar diferent. Policiamento Ambiental do Estado de São Paulo - R. do Horto, 931 - Horto Florestal, São Paulo - SP, Brasil",-23.4598158,-46.6361394,Positivo,Positivo,"Infectious, viral agent, yellow fever",-,"Fígado de coloração heterogênea, icterícia, palidez renal, ascite",,,,,,,,,,,,,,,,,,
Norte,5734931,74427,No_sample,yes_lab_positive,Positive,26/12/2017,2017,12,26,unknown,26/12/2017,howler_monkey,Alouatta clamitans,"P.E. Albert Lofgren/ Horto Florestal - Rua do Horto, 931 - Horto Florestal - CEP: 02377-000 - São Paulo - SP","** se coloca so rua do horto 931 da em um lugar diferent. Policiamento Ambiental do Estado de São Paulo - R. do Horto, 931 - Horto Florestal, São Paulo - SP, Brasil",-23.4598158,-46.6361394,Positivo,Positivo,"Infectious, viral agent, yellow fever",X,"Hepatopatia, nefropatia, lesões traumáticas em crânio",,,,,,,,,,,,,,,,,,
Norte,5734931,74429,No_sample,yes_lab_positive,Positive,26/12/2017,2017,12,26,unknown,26/12/2017,howler_monkey,Alouatta clamitans,"P.E. Albert Lofgren/ Horto Florestal - Rua do Horto, 931 - Horto Florestal - CEP: 02377-000 - São Paulo - SP","** se coloca so rua do horto 931 da em um lugar diferent. Policiamento Ambiental do Estado de São Paulo - R. do Horto, 931 - Horto Florestal, São Paulo - SP, Brasil",-23.4598158,-46.6361394,amostra não enviada,amostra não enviada,,,,,,,,,,,,,,,,,,,,,
Norte,5734931,74432,No_sample,yes_lab_positive,Positive,26/12/2017,2017,12,26,unknown,26/12/2017,howler_monkey,Alouatta clamitans,"P.E. Albert Lofgren/ Horto Florestal - Rua do Horto, 931 - Horto Florestal - CEP: 02377-000 - São Paulo - SP","** se coloca so rua do horto 931 da em um lugar diferent. Policiamento Ambiental do Estado de São Paulo - R. do Horto, 931 - Horto Florestal, São Paulo - SP, Brasil",-23.4598158,-46.6361394,amostra não enviada,amostra não enviada,,,,,,,,,,,,,,,,,,,,,
Norte,5734931,74443,No_sample,yes_lab_positive,Positive,26/12/2017,2017,12,26,unknown,26/12/2017,howler_monkey,Alouatta clamitans,"P.E. Albert Lofgren/ Horto Florestal - Rua do Horto, 931 - Horto Florestal - CEP: 02377-000 - São Paulo - SP","** se coloca so rua do horto 931 da em um lugar diferent. Policiamento Ambiental do Estado de São Paulo - R. do Horto, 931 - Horto Florestal, São Paulo - SP, Brasil",-23.4598158,-46.6361394,amostra não enviada,amostra não enviada,,,,,,,,,,,,,,,,,,,,,
Norte,5734931,74452,No_sample,yes_lab_positive,Positive,26/12/2017,2017,12,26,unknown,26/12/2017,howler_monkey,Alouatta clamitans,"P.E. Albert Lofgren/ Horto Florestal - Rua do Horto, 931 - Horto Florestal - CEP: 02377-000 - São Paulo - SP","** se coloca so rua do horto 931 da em um lugar diferent. Policiamento Ambiental do Estado de São Paulo - R. do Horto, 931 - Horto Florestal, São Paulo - SP, Brasil",-23.4598158,-46.6361394,Positivo,Positivo,"Infectious, viral agent, yellow fever",-,Autólise avançada,,,,,,,,,,,,,,,,,,
Norte,5734931,74453,No_sample,yes_lab_positive,Positive,26/12/2017,2017,12,26,unknown,26/12/2017,howler_monkey,Alouatta clamitans,"P.E. Albert Lofgren/ Horto Florestal - Rua do Horto, 931 - Horto Florestal - CEP: 02377-000 - São Paulo - SP","** se coloca so rua do horto 931 da em um lugar diferent. Policiamento Ambiental do Estado de São Paulo - R. do Horto, 931 - Horto Florestal, São Paulo - SP, Brasil",-23.4598158,-46.6361394,Positivo,Positivo,"Infectious, viral agent, yellow fever",-,Autólise avançada,,,,,,,,,,,,,,,,,,
Norte,5734931,74454,No_sample,yes_lab_positive,Positive,26/12/2017,2017,12,26,unknown,26/12/2017,howler_monkey,Alouatta clamitans,"P.E. Albert Lofgren/ Horto Florestal - Rua do Horto, 931 - Horto Florestal - CEP: 02377-000 - São Paulo - SP","** se coloca so rua do horto 931 da em um lugar diferent. Policiamento Ambiental do Estado de São Paulo - R. do Horto, 931 - Horto Florestal, São Paulo - SP, Brasil",-23.4598158,-46.6361394,Positivo,Positivo,"Infectious, viral agent, yellow fever",-,"Hepatopatia, ascite, hidropericárdio",,,,,,,,,,,,,,,,,,
Norte,5734931,74455,No_sample,yes_lab_positive,Positive,26/12/2017,2017,12,26,unknown,26/12/2017,howler_monkey,Alouatta clamitans,"P.E. Albert Lofgren/ Horto Florestal - Rua do Horto, 931 - Horto Florestal - CEP: 02377-000 - São Paulo - SP","** se coloca so rua do horto 931 da em um lugar diferent. Policiamento Ambiental do Estado de São Paulo - R. do Horto, 931 - Horto Florestal, São Paulo - SP, Brasil",-23.4598158,-46.6361394,Positivo,Positivo,"Infectious, viral agent, yellow fever",-,Avançado estado de autólise,,,,,,,,,,,,,,,,,,
Norte,5734931,74456,No_sample,yes_lab_positive,Positive,26/12/2017,2017,12,26,26/12/2017,26/12/2017,howler_monkey,Alouatta clamitans,"P.E. Albert Lofgren/ Horto Florestal - Rua do Horto, 931 - Horto Florestal - CEP: 02377-000 - São Paulo - SP","** se coloca so rua do horto 931 da em um lugar diferent. Policiamento Ambiental do Estado de São Paulo - R. do Horto, 931 - Horto Florestal, São Paulo - SP, Brasil",-23.4598158,-46.6361394,Positivo,Positivo,"Euthanasia, Infectious, viral agent, yellow fever",-,Hepatopatia e nefropatia,,,,,,,,,,,,,,,,,,
Norte,5734933,74510,Being_sequenced,yes_lab_positive,Positive,27/12/2017,2017,12,27,unknown,27/12/2017,howler_monkey,Alouatta clamitans,"P.E. Albert Lofgren/ Horto Florestal - Rua do Horto, 931 - Horto Florestal - CEP: 02377-000 - São Paulo - SP","** se coloca so rua do horto 931 da em um lugar diferent. Policiamento Ambiental do Estado de São Paulo - R. do Horto, 931 - Horto Florestal, São Paulo - SP, Brasil",-23.4598158,-46.6361394,Positivo,Positivo,"Infectious, viral agent, yellow fever",-,Autólise avançada,,,,,,,,,,,,,,,,,,
Norte,5734933,74512,Being_sequenced,yes_lab_positive,Positive,27/12/2017,2017,12,27,unknown,27/12/2017,howler_monkey,Alouatta clamitans,"P.E. Albert Lofgren/ Horto Florestal - Rua do Horto, 931 - Horto Florestal - CEP: 02377-000 - São Paulo - SP","** se coloca so rua do horto 931 da em um lugar diferent. Policiamento Ambiental do Estado de São Paulo - R. do Horto, 931 - Horto Florestal, São Paulo - SP, Brasil",-23.4598158,-46.6361394,Positivo,Positivo,"Infectious, viral agent, yellow fever",-,Autólise avançada,,,,,,,,,,,,,,,,,,
Norte,5734933,74513,Being_sequenced,yes_lab_positive,Positive,27/12/2017,2017,12,27,unknown,27/12/2017,howler_monkey,Alouatta clamitans,"P.E. Albert Lofgren/ Horto Florestal - Rua do Horto, 931 - Horto Florestal - CEP: 02377-000 - São Paulo - SP","** se coloca so rua do horto 931 da em um lugar diferent. Policiamento Ambiental do Estado de São Paulo - R. do Horto, 931 - Horto Florestal, São Paulo - SP, Brasil",-23.4598158,-46.6361394,Positivo,Positivo,"Infectious, viral agent, yellow fever",-,Autólise avançada,,,,,,,,,,,,,,,,,,
Norte,5734933,74514,No_sample,yes_lab_positive,Positive,27/12/2017,2017,12,27,unknown,27/12/2017,howler_monkey,Alouatta clamitans,"P.E. Albert Lofgren/ Horto Florestal - Rua do Horto, 931 - Horto Florestal - CEP: 02377-000 - São Paulo - SP","** se coloca so rua do horto 931 da em um lugar diferent. Policiamento Ambiental do Estado de São Paulo - R. do Horto, 931 - Horto Florestal, São Paulo - SP, Brasil",-23.4598158,-46.6361394,Positivo,Positivo,"Infectious, viral agent, yellow fever",-,Autólise avançada,,,,,,,,,,,,,,,,,,
Norte,5734933,74518,No_sample,yes_lab_positive,Positive,27/12/2017,2017,12,27,unknown,27/12/2017,howler_monkey,Alouatta clamitans,"P.E. Albert Lofgren/ Horto Florestal - Rua do Horto, 931 - Horto Florestal - CEP: 02377-000 - São Paulo - SP","** se coloca so rua do horto 931 da em um lugar diferent. Policiamento Ambiental do Estado de São Paulo - R. do Horto, 931 - Horto Florestal, São Paulo - SP, Brasil",-23.4598158,-46.6361394,amostra não enviada,amostra não enviada,,,,,,,,,,,,,,,,,,,,,
Norte,5734933,74519,No_sample,yes_lab_positive,Positive,27/12/2017,2017,12,27,unknown,27/12/2017,howler_monkey,Alouatta clamitans,"P.E. Albert Lofgren/ Horto Florestal - Rua do Horto, 931 - Horto Florestal - CEP: 02377-000 - São Paulo - SP","** se coloca so rua do horto 931 da em um lugar diferent. Policiamento Ambiental do Estado de São Paulo - R. do Horto, 931 - Horto Florestal, São Paulo - SP, Brasil",-23.4598158,-46.6361394,amostra não enviada,amostra não enviada,,,,,,,,,,,,,,,,,,,,,
Norte,5734933,74520,No_sample,yes_lab_positive,Positive,27/12/2017,2017,12,27,unknown,27/12/2017,howler_monkey,Alouatta clamitans,"P.E. Albert Lofgren/ Horto Florestal - Rua do Horto, 931 - Horto Florestal - CEP: 02377-000 - São Paulo - SP","** se coloca so rua do horto 931 da em um lugar diferent. Policiamento Ambiental do Estado de São Paulo - R. do Horto, 931 - Horto Florestal, São Paulo - SP, Brasil",-23.4598158,-46.6361394,amostra não enviada,amostra não enviada,,,,,,,,,,,,,,,,,,,,,
Norte,5734933,74521,No_sample,yes_lab_positive,Positive,27/12/2017,2017,12,27,unknown,27/12/2017,howler_monkey,Alouatta clamitans,"P.E. Albert Lofgren/ Horto Florestal - Rua do Horto, 931 - Horto Florestal - CEP: 02377-000 - São Paulo - SP","** se coloca so rua do horto 931 da em um lugar diferent. Policiamento Ambiental do Estado de São Paulo - R. do Horto, 931 - Horto Florestal, São Paulo - SP, Brasil",-23.4598158,-46.6361394,amostra não enviada,amostra não enviada,,,,,,,,,,,,,,,,,,,,,
Norte,5734934,74511,Sequenced,yes_lab_positive,Positive,27/12/2017,2017,12,27,unknown,27/12/2017,howler_monkey,Alouatta clamitans,"Av. Nova Cantareira, 3659 - Tucuruvi - CEP: 02341-001 - São Paulo - SP",,-23.4691167,-46.6188037,Positivo,Positivo,"Infectious, viral agent, yellow fever",-,"Hepatopatia, nefropatia, ascite, hidropericárdio",2782,Sequenced,BC20,YFV_Lib02Rep_20220516,186289,4305.16,10219,10218,86.2602,,,,,,,,,
Norte,5734936,74609,No_sample,yes_lab_positive,Undetermined,28/12/2017,2017,12,28,unknown,28/12/2017,howler_monkey,Alouatta clamitans,"P.E. Albert Lofgren/ Horto Florestal - Rua do Horto, 931 - Horto Florestal - CEP: 02377-000 - São Paulo - SP","** se coloca so rua do horto 931 da em um lugar diferent. Policiamento Ambiental do Estado de São Paulo - R. do Horto, 931 - Horto Florestal, São Paulo - SP, Brasil",-23.4598158,-46.6361394,amostra não enviada,amostra não enviada,,,,,,,,,,,,,,,,,,,,,
Norte,5734936,74610,No_sample,yes_lab_positive,Undetermined,28/12/2017,2017,12,28,unknown,28/12/2017,howler_monkey,Alouatta clamitans,"P.E. Albert Lofgren/ Horto Florestal - Rua do Horto, 931 - Horto Florestal - CEP: 02377-000 - São Paulo - SP","** se coloca so rua do horto 931 da em um lugar diferent. Policiamento Ambiental do Estado de São Paulo - R. do Horto, 931 - Horto Florestal, São Paulo - SP, Brasil",-23.4598158,-46.6361394,amostra não enviada,amostra não enviada,,,,,,,,,,,,,,,,,,,,,
Norte,5734937,74615,Sequenced,yes_lab_positive,Positive,29/12/2017,2017,12,29,unknown,29/12/2017,howler_monkey,Alouatta clamitans,"Rua Ângelo Capricho, 128 - Horto Florestal - CEP: 02377-010 - São Paulo - SP",,-23.4587042,-46.6304206,Positivo,Positivo,"Infectious, viral agent, yellow fever",-,Autólise avançada,2778,Sequenced,BC13,YFV_horto,49591,1907.76,10224,10219,86.3892,,,,,,,,,
Norte,5734939,74631,No_sample,yes_lab_positive,Positive,29/12/2017,2017,12,29,unknown,29/12/2017,howler_monkey,Alouatta clamitans,"P.E. Albert Lofgren/ Horto Florestal - Rua do Horto, 931 - Horto Florestal - CEP: 02377-000 - São Paulo - SP","** se coloca so rua do horto 931 da em um lugar diferent. Policiamento Ambiental do Estado de São Paulo - R. do Horto, 931 - Horto Florestal, São Paulo - SP, Brasil",-23.4598158,-46.6361394,Positivo,Positivo,"Infectious, viral agent, yellow fever",-,Hepatopatia e nefropatia,,,,,,,,,,,,,,,,,,
Norte,5734939,74632,No_sample,yes_lab_positive,Positive,29/12/2017,2017,12,29,unknown,29/12/2017,howler_monkey,Alouatta clamitans,"P.E. Albert Lofgren/ Horto Florestal - Rua do Horto, 931 - Horto Florestal - CEP: 02377-000 - São Paulo - SP","** se coloca so rua do horto 931 da em um lugar diferent. Policiamento Ambiental do Estado de São Paulo - R. do Horto, 931 - Horto Florestal, São Paulo - SP, Brasil",-23.4598158,-46.6361394,Positivo,Positivo,"Infectious, viral agent, yellow fever",-,"Hepatopatia, palidez renal acentuada, efusão sanguinolenta abdominal",,,,,,,,,,,,,,,,,,
Norte,5734940,74633,Sequenced,yes_lab_positive,Positive,29/12/2017,2017,12,29,unknown,29/12/2017,howler_monkey,Alouatta clamitans,"Avenida Água Fria, 1923 - Barro Branco - CEP: 02333-900 - São Paulo - SP","CEP diferente Av. Água Fria, 1923 - Tucuruvi, São Paulo - SP, 02333-001, Brasil",-23.4723139,-46.6182287,Positivo,Positivo,"Infectious, viral agent, yellow fever",-,"Hepatopatia, nefropatia, ascite, hidropericárdio",2777,Sequenced,BC19,YFV_Lib02Rep_20220516,312002,4700.31,10224,10219,86.4444,,,,,,,,,
Norte,5734941,74639,No_sample,yes_lab_positive,Undetermined,30/12/2017,2017,12,30,unknown,30/12/2017,howler_monkey,Alouatta clamitans,"P.E. Albert Lofgren/ Horto Florestal - Rua do Horto, 931 - Horto Florestal - CEP: 02377-000 - São Paulo - SP","** se coloca so rua do horto 931 da em um lugar diferent. Policiamento Ambiental do Estado de São Paulo - R. do Horto, 931 - Horto Florestal, São Paulo - SP, Brasil",-23.4598158,-46.6361394,amostra não enviada,amostra não enviada,,,,,,,,,,,,,,,,,,,,,
Norte,5734941,74640,No_sample,yes_lab_positive,Undetermined,30/12/2017,2017,12,30,unknown,30/12/2017,howler_monkey,Alouatta clamitans,"P.E. Albert Lofgren/ Horto Florestal - Rua do Horto, 931 - Horto Florestal - CEP: 02377-000 - São Paulo - SP","** se coloca so rua do horto 931 da em um lugar diferent. Policiamento Ambiental do Estado de São Paulo - R. do Horto, 931 - Horto Florestal, São Paulo - SP, Brasil",-23.4598158,-46.6361394,amostra não enviada,amostra não enviada,,,,,,,,,,,,,,,,,,,,,
Norte,5734941,74641,No_sample,yes_lab_positive,Undetermined,30/12/2017,2017,12,30,unknown,30/12/2017,howler_monkey,Alouatta clamitans,"P.E. Albert Lofgren/ Horto Florestal - Rua do Horto, 931 - Horto Florestal - CEP: 02377-000 - São Paulo - SP","** se coloca so rua do horto 931 da em um lugar diferent. Policiamento Ambiental do Estado de São Paulo - R. do Horto, 931 - Horto Florestal, São Paulo - SP, Brasil",-23.4598158,-46.6361394,amostra não enviada,amostra não enviada,,,,,,,,,,,,,,,,,,,,,
Norte,5734943,74646,Being_sequenced,yes_lab_positive,Positive,31/12/2017,2017,12,31,unknown,31/12/2017,howler_monkey,Alouatta clamitans,"P.E. Albert Lofgren/ Horto Florestal - Rua do Horto, 931 - Horto Florestal - CEP: 02377-000 - São Paulo - SP","** se coloca so rua do horto 931 da em um lugar diferent. Policiamento Ambiental do Estado de São Paulo - R. do Horto, 931 - Horto Florestal, São Paulo - SP, Brasil",-23.4598158,-46.6361394,Positivo,Positivo,"Infectious, viral agent, yellow fever",-,Autólise avançada,,,,,,,,,,,,,,,,,,
Norte,5734943,74647,Being_sequenced,yes_lab_positive,Positive,31/12/2017,2017,12,31,unknown,31/12/2017,howler_monkey,Alouatta clamitans,"P.E. Albert Lofgren/ Horto Florestal - Rua do Horto, 931 - Horto Florestal - CEP: 02377-000 - São Paulo - SP","** se coloca so rua do horto 931 da em um lugar diferent. Policiamento Ambiental do Estado de São Paulo - R. do Horto, 931 - Horto Florestal, São Paulo - SP, Brasil",-23.4598158,-46.6361394,Positivo,Positivo,"Infectious, viral agent, yellow fever",-,Autólise avançada,,,,,,,,,,,,,,,,,,
Norte,5734943,74649,Being_sequenced,yes_lab_positive,Positive,31/12/2017,2017,12,31,31/12/2017,31/12/2017,howler_monkey,Alouatta clamitans,"P.E. Albert Lofgren/ Horto Florestal - Rua do Horto, 931 - Horto Florestal - CEP: 02377-000 - São Paulo - SP","** se coloca so rua do horto 931 da em um lugar diferent. Policiamento Ambiental do Estado de São Paulo - R. do Horto, 931 - Horto Florestal, São Paulo - SP, Brasil",-23.4598158,-46.6361394,Positivo,Positivo,"Infectious, viral agent, yellow fever",-,"Aderência pulmonar em pericárdio, hepatopatia, esplenomegalia",,,,,,,,,,,,,,,,,,
Norte,5734943,74650,No_sample,yes_lab_positive,Positive,31/12/2017,2017,12,31,unknown,31/12/2017,howler_monkey,Alouatta clamitans,"P.E. Albert Lofgren/ Horto Florestal - Rua do Horto, 931 - Horto Florestal - CEP: 02377-000 - São Paulo - SP","** se coloca so rua do horto 931 da em um lugar diferent. Policiamento Ambiental do Estado de São Paulo - R. do Horto, 931 - Horto Florestal, São Paulo - SP, Brasil",-23.4598158,-46.6361394,,,,,,,,,,,,,,,,,,,,,,,
Norte,5734943,74651,No_sample,yes_lab_positive,Positive,31/12/2017,2017,12,31,unknown,31/12/2017,howler_monkey,Alouatta clamitans,"P.E. Albert Lofgren/ Horto Florestal - Rua do Horto, 931 - Horto Florestal - CEP: 02377-000 - São Paulo - SP","** se coloca so rua do horto 931 da em um lugar diferent. Policiamento Ambiental do Estado de São Paulo - R. do Horto, 931 - Horto Florestal, São Paulo - SP, Brasil",-23.4598158,-46.6361394,,,,,,,,,,,,,,,,,,,,,,,
Norte,5734943,74652,No_sample,yes_lab_positive,Positive,31/12/2017,2017,12,31,unknown,31/12/2017,howler_monkey,Alouatta clamitans,"P.E. Albert Lofgren/ Horto Florestal - Rua do Horto, 931 - Horto Florestal - CEP: 02377-000 - São Paulo - SP","** se coloca so rua do horto 931 da em um lugar diferent. Policiamento Ambiental do Estado de São Paulo - R. do Horto, 931 - Horto Florestal, São Paulo - SP, Brasil",-23.4598158,-46.6361394,,,,,,,,,,,,,,,,,,,,,,,
Norte,5734943,74653,No_sample,yes_lab_positive,Positive,31/12/2017,2017,12,31,unknown,31/12/2017,howler_monkey,Alouatta clamitans,"P.E. Albert Lofgren/ Horto Florestal - Rua do Horto, 931 - Horto Florestal - CEP: 02377-000 - São Paulo - SP","** se coloca so rua do horto 931 da em um lugar diferent. Policiamento Ambiental do Estado de São Paulo - R. do Horto, 931 - Horto Florestal, São Paulo - SP, Brasil",-23.4598158,-46.6361394,,,,,,,,,,,,,,,,,,,,,,,
Norte,5734943,74654,No_sample,yes_lab_positive,Positive,31/12/2017,2017,12,31,unknown,31/12/2017,howler_monkey,Alouatta clamitans,"P.E. Albert Lofgren/ Horto Florestal - Rua do Horto, 931 - Horto Florestal - CEP: 02377-000 - São Paulo - SP","** se coloca so rua do horto 931 da em um lugar diferent. Policiamento Ambiental do Estado de São Paulo - R. do Horto, 931 - Horto Florestal, São Paulo - SP, Brasil",-23.4598158,-46.6361394,,,,,,,,,,,,,,,,,,,,,,,
Norte,5734944,74648,Sequenced,yes_lab_positive,Positive,31/12/2017,2017,12,31,unknown,31/12/2017,howler_monkey,Alouatta clamitans,"Av. Nova Cantareira, 3659 - Tucuruvi - CEP: 02341-001 - São Paulo - SP",,-23.4691167,-46.6188037,Positivo,Positivo,"Infectious, viral agent, yellow fever",-,"Hepatopatia, hidropericárdio, alças congestas, glândulas mamárias desenvolvidas",2776,Sequenced,BC12,YFV_horto,65991,2560.82,10219,10217,86.1405,,,,,,,,,
Norte,5734945,74692,Sequenced,yes_lab_positive,Positive,02/01/2018,2018,1,2,02/01/2018,02/01/2018,howler_monkey,Alouatta clamitans,"Av. Nova Cantareira, 3659 - Tucuruvi - CEP: 02341-001 - São Paulo - SP",,-23.4691167,-46.6188037,Positivo,Positivo,"Infectious, viral agent, yellow fever",-,"Hepatopatia, nefropatia, esplenomegalia, ascite, hidropericárdio",2784,Sequenced,BC21,YFV_Lib02Rep_20220516,202826,4320.5,10226,10225,87.5495,,,,,,,,,
Norte,5734948,74718,No_sample,,Positive,03/01/2018,2018,1,3,03/01/2018,03/01/2018,howler_monkey,Alouatta clamitans,"Rua Manoel Morais Pontes, 271 - Vila Albertina - CEP: 02372-140 - São Paulo - SP","CEP diferente. Rua Manuel Morais Pontes, 271 - Vila Albertina, São Paulo - SP, 02373-000, Brasil",-23.4557207,-46.6197139,Positivo,Positivo,"Euthanasia, yellow fever",-,Nefropatia e hepatopatia,,,,,,,,,,,,,,,,,,
Norte,5734949,74736,No_sample,yes_lab_positive,Undetermined,03/01/2018,2018,1,3,unknown,04/01/2018,howler_monkey,Alouatta clamitans,"P.E. Albert Lofgren/ Horto Florestal - Rua do Horto, 931 - Horto Florestal - CEP: 02377-000 - São Paulo - SP","** se coloca so rua do horto 931 da em um lugar diferent. Policiamento Ambiental do Estado de São Paulo - R. do Horto, 931 - Horto Florestal, São Paulo - SP, Brasil",-23.4598158,-46.6361394,amostra não enviada,amostra não enviada,,,,,,,,,,,,,,,,,,,,,
Norte,5734950,74747,No_sample,yes_lab_positive,Positive,04/01/2018,2018,1,4,unknown,04/01/2018,howler_monkey,Alouatta clamitans,"Av. Nova Cantareira, 3659 - Tucuruvi - CEP: 02341-001 - São Paulo - SP",,-23.4691167,-46.6188037,Positivo,Positivo,"Infectious, viral agent, yellow fever",-,Autólise avançada,,,,,,,,,,,,,,,,,,
Norte,5734950,74748,No_sample,yes_lab_positive,Positive,04/01/2018,2018,1,4,unknown,04/01/2018,howler_monkey,Alouatta clamitans,"Av. Nova Cantareira, 3659 - Tucuruvi - CEP: 02341-001 - São Paulo - SP",,-23.4691167,-46.6188037,Positivo,Positivo,"Infectious, viral agent, yellow fever",-,Hepatopatia e nefropatia,,,,,,,,,,,,,,,,,,
Norte,5734950,74749,No_sample,yes_lab_positive,Positive,04/01/2018,2018,1,4,unknown,04/01/2018,howler_monkey,Alouatta clamitans,"Av. Nova Cantareira, 3659 - Tucuruvi - CEP: 02341-001 - São Paulo - SP",,-23.4691167,-46.6188037,Positivo,Positivo,"Infectious, viral agent, yellow fever",-,Hepatopatia e nefropatia,,,,,,,,,,,,,,,,,,
Norte,5734952,74786,No_sample,yes_lab_positive,Positive,05/01/2018,2018,1,5,unknown,05/01/2018,howler_monkey,Alouatta clamitans,"P.E. Albert Lofgren/ Horto Florestal - Rua do Horto, 931 - Horto Florestal - CEP: 02377-000 - São Paulo - SP","** se coloca so rua do horto 931 da em um lugar diferent. Policiamento Ambiental do Estado de São Paulo - R. do Horto, 931 - Horto Florestal, São Paulo - SP, Brasil",-23.4598158,-46.6361394,Positivo,Positivo,"Infectious, viral agent, yellow fever",-,"Hepatopatia, hemoperitônio, nefropatia, hidropericárdio",2869,,,,,,,,,,,,,,,,,
Norte,5734952,74787,No_sample,yes_lab_positive,Positive,05/01/2018,2018,1,5,unknown,05/01/2018,howler_monkey,Alouatta clamitans,"P.E. Albert Lofgren/ Horto Florestal - Rua do Horto, 931 - Horto Florestal - CEP: 02377-000 - São Paulo - SP","** se coloca so rua do horto 931 da em um lugar diferent. Policiamento Ambiental do Estado de São Paulo - R. do Horto, 931 - Horto Florestal, São Paulo - SP, Brasil",-23.4598158,-46.6361394,Positivo,Positivo,"Infectious, viral agent, yellow fever",-,"Coágulo em cavidade abdominal, hepatopatia, palidez renal, edema pulmonar e feto abortado",,,,,,,,,,,,,,,,,,
Norte,5734954,74815,No_sample,yes_lab_positive,Undetermined,05/01/2018,2018,1,5,unknown,06/01/2018,howler_monkey,Alouatta clamitans,"P.E. Albert Lofgren/ Horto Florestal - Rua do Horto, 931 - Horto Florestal - CEP: 02377-000 - São Paulo - SP","** se coloca so rua do horto 931 da em um lugar diferent. Policiamento Ambiental do Estado de São Paulo - R. do Horto, 931 - Horto Florestal, São Paulo - SP, Brasil",-23.4598158,-46.6361394,amostra não enviada,amostra não enviada,,,,,,,,,,,,,,,,,,,,,
Norte,5734955,74840,No_sample,,Undetermined,07/01/2018,2018,1,7,unknown,07/01/2018,howler_monkey,Alouatta clamitans,"Rua Gabriel Martins , 68 - Parque Ramos Freitas - CEP: 02353-090 - São Paulo - SP",,-23.4521178,-46.6063849,amostra não enviada,amostra não enviada,,,,,,,,,,,,,,,,,,,,,
Norte,4303334,75022,Sequenced,,Positive,15/01/2018,2018,1,15,unknown,15/01/2018,howler_monkey,Alouatta clamitans,"Avenida Coronel Sezefredo Fagundes, 4600 - Tucuruvi - CEP: 02306-004 - São Paulo - SP",,-23.4454264,-46.5964362,Positivo,,"Infectious, viral agent, yellow fever",-,"Diversos órgãos autolisados, fígado com coloração amarelo-esverdeada",3202,Sequenced,BC32,YFV_Lib02Rep_20220516,108562,3215.03,10231,10231,87.7245,,,,,,,,,
Mairipora,4303335,75011,No_sample,,Negative,09/01/2018,2018,1,9,unknown,15/01/2018,howler_monkey,Alouatta clamitans,"Estrada Laramara, 3500 - Corumbá - CEP: 07600-000 - Mairiporã - SP","Estr. Laramara, 3500 - Terra Preta, Mairiporã - SP, 07600-000, Brasil",-23.245244,-46.569971,Negativo,amostra não enviada,Not determined - necropsy not performed,-,Necropsia não realizada,,,,,,,,,,,,,,,,,,
Norte,4303336,75024,No_sample,yes_lab_positive,Undetermined,15/01/2018,2018,1,15,unknown,15/01/2018,howler_monkey,Alouatta clamitans,"Avenida Tenente Júlio Prado Neves, 95 - Vila Albertina - 02370-000 - São Paulo - SP",,-23.4644648,-46.6172625,amostra não enviada,amostra não enviada,,,,,,,,,,,,,,,,,,,,,
Norte,4303336,75025,No_sample,yes_lab_positive,Undetermined,15/01/2018,2018,1,15,unknown,15/01/2018,howler_monkey,Alouatta clamitans,"Avenida Tenente Júlio Prado Neves, 95 - Vila Albertina - 02370-000 - São Paulo - SP",,-23.4644648,-46.6172625,amostra não enviada,amostra não enviada,,,,,,,,,,,,,,,,,,,,,
Norte,4303336,75026,No_sample,yes_lab_positive,Undetermined,15/01/2018,2018,1,15,unknown,15/01/2018,howler_monkey,Alouatta clamitans,"Avenida Tenente Júlio Prado Neves, 95 - Vila Albertina - 02370-000 - São Paulo - SP",,-23.4644648,-46.6172625,amostra não enviada,amostra não enviada,,,,,,,,,,,,,,,,,,,,,
Norte,4303369,75094,Sequenced,,Positive,19/01/2018,2018,1,19,unknown,19/01/2018,howler_monkey,Alouatta clamitans,"Avenida Coronel Sezefredo Fagundes, 4600 - Tucuruvi - CEP: 02306-004 - São Paulo - SP",,-23.4454264,-46.5964362,Positivo,Positivo,"Infectious, viral agent, yellow fever",-,Autólise avançada,2971,Sequenced,BC31,YFV_Lib02Rep_20220516,24888,1727.69,5675,5657,37.4804,,,,,,,,,
Norte,4303381,75278,No_sample,,Positive,27/01/2018,2018,1,27,unknown,27/01/2018,marmoset,Callithrix sp.,"Rua I, 57 - Jardim Vitória Regia (Taipas) - CEP: 02859-210 - São Paulo - SP","Rua I, 57 - Jardim Vitória Régia (Zona Norte), São Paulo - SP, 02859-210, Brasil",-23.4401177,-46.7043919,Negativo,Negativo (fígado) / Positivo (encéfalo),Inconclusive,-,"Ruptura hepática, congestão pulmonar. Febre amarela.",,,,,,,,,,,,,,,,,,
Mairipora,4303388,75358,No_sample,,Positive,30/01/2018,2018,1,30,24/01/2018,31/01/2018,marmoset-da-serra-escuro,Callithrix aurita,"Av. Senador José Erminio de Morais, s/n - CEP: 02357-000 - Mairiporã - SP - alt. P.E. da Cantareira - Núcleo Águas Claras","CEP errado Parque Estadual Cantareira - Núcleo Águas Claras - Av. Sen. José Ermírio de Moraes, s/n - Sítio Barrocada, Mairiporã - SP, 07600-000, Brasil",-23.4214045,-46.6215058,Amostra inadequada,Positivo,"Trauma, undetermined",-,"Alopecia extensa em região dorsal, hematoma em região inguinal, laceração hepática, cont sanguinolento em cav abdom (sug de trauma)",,,,,,,,,,,,,,,,,,
Mairipora,4303389,75359,No_sample,,Positive,30/01/2018,2018,1,30,24/01/2018,31/01/2018,marmoset,Callithrix sp.,"Rodovia Fernão Dias, km 65-67 - CEP: 07600-000 - Mairiporã - SP - Altura pedágio Mairiporã","nao consegui achar pelo km, mas na imagem aparece o pedagio. Rod. Fernão Dias, Mairiporã - SP, 07600-000, Brasil",-23.329005,-46.5776382,Negativo,Positivo,"Infectious, viral agent, yellow fever",-,Intensa congestão pulmonar e nefropatia,,,,,,,,,,,,,,,,,,
Norte,4303431,75707,No_sample,,Negative,23/02/2018,2018,2,23,unknown,26/02/2018,marmoset,Callithrix sp.,"P.E. Albert Lofgren - Rua do Horto, 931 - Horto Florestal - CEP: 023770-000 - São Paulo - SP - ABANDONO","** se coloca so rua do horto 931 da em um lugar diferent. Policiamento Ambiental do Estado de São Paulo - R. do Horto, 931 - Horto Florestal, São Paulo - SP, Brasil",-23.4598158,-46.6361394,Negativo,Negativo,Euthanasia,-,Hepatomegalia e nefropatia,,,,,,,,,,,,,,,,,,
Norte,4303472,76669,No_sample,,Negative,30/03/2018,2018,3,30,unknown,30/03/2018,marmoset,Callithrix sp.,"Rua Maetinga, 18 - Vila Santos - CEP: 02637-040 - São Paulo - SP",,-23.4538874,-46.6502088,"Amostra inadequada, autólise",Negativo,"Trauma, undetermined",X,"Autólise avançada, fratura craniana extensa (TCE)",,,,,,,,,,,,,,,,,,
Norte,4303495,76905,No_sample,,Negative,18/04/2018,2018,4,18,18/04/2018,18/04/2018,marmoset,Callithrix sp.,"Parque Municipal Lions Club Tucuruvi - Rua Alcindo Bueno de Assis, 500 - Barro Branco - CEP: 02344-080 - São Paulo - SP","parque ou rua? um em cada rua R. Alcindo Bueno de Assis, 500 - Tucuruvi, São Paulo - SP, 02344-080, Brasil",-23.4681372,-46.6072671,Negativo,Negativo,Euthanasia,X,"Conteúdo sang em narinas e cavidade oral, coágulo sg em região mentoniana, hematoma em região parietal",,,,,,,,,,,,,,,,,,
Mairipora,4303503,77005,No_sample,,Negative,24/04/2018,2018,4,24,unknown,24/04/2018,marmoset-da-serra-escuro,Callithrix aurita,"RPPN Sítio Capuavinha - Capuavinha - CEP: 07600-000 - Mairiporã - SP - coordenadas 23°18'55.05""S 46°34'08.90""O","Conferir. RPPN Sítio Curucutu - Estrada do Capivari, Estr. do Curucutu, 13041, São Paulo - SP, 04895-090, Brasil",-23.8921369,-46.6179791,Negativo,"Negativo (fígado), negativo (encéfalo)","Trauma, undetermined",-,"Extenso hematoma, fratura de costelas, ruptura de fígado e estômago - SUSPEITA DE PREDAÇÃO",,,,,,,,,,,,,,,,,,
Norte,4303237,77632,No_sample,,Negative,05/06/2018,2018,6,5,desconhecido,05/06/2018,marmoset,Callithrix sp.,"Avenida Nova Cantareira, 3659 - Tucuruvi - CEP: 02341-001 - São Paulo - SP",,-23.4691167,-46.6188037,Inadequado (autólise),"Negativo (encéfalo), Negativo (fígado)","Trauma, electrocution",-,"Lesões extensas de queimadura, perda dos pés, fratura de cauda, pelos chamuscados",,,,,,,,,,,,,,,,,,
Norte,4303253,77737,No_sample,,Negative,15/06/2018,2018,6,15,desconhecido,18/06/2018,marmoset,Callithrix sp.,"P.E. Albert Lofgren - Rua Luís Carlos Gentile de Laet, 553 - Horto Florestal - CEP: 02378-000 - São Paulo - SP","P.E. Albert Lofgren ou Rua Luís Carlos Gentile de Laet, 553?",-23.4625002,-46.6295915,Negativo,"Negativo (fígado), negativo (encéfalo)","Trauma, accidental, being run over",-,"Hiperplasia mamária, animal magro, desidratado. Hematoma extenso, ruptura hepática e diafragmática",,,,,,,,,,,,,,,,,,
Mairipora,6656382,78576,No_sample,,Negative,14/08/2018,2018,8,14,14/08/2018,16/08/2018,marmoset,Callithrix sp.,"Estrada Santa Inês, km 17,5 - Condomínio Chácara Bela Vista - CEP 07600-000 - Mairiporã - SP","nao acha pelo km, cep diferente",-23.4189989,-46.6655516,Negativo,Negativo,"Euthanasia, trauma",-,"Lesão torácica vertebral, retenção urinária e de fezes, hemoperitôneio, ruptura hepática",,,,,,,,,,,,,,,,,,
Norte,6656397,79063,No_sample,,Negative,08/09/2018,2018,9,8,10/09/2018,10/09/2018,marmoset,Callithrix sp.,"Avenida Nova Cantareira, 3924 (Rua 1 - condomínio) - Tucuruvi - CEP: 02340-001 - São Paulo - SP","Av. Nova Cantareira, 3924 - Tremembé, São Paulo - SP, 02340-001, Brasil",-23.4662852,-46.6159149,HP não compativel com FA,Negativo,"Euthanasia, reprodutiva, distocia",-,"Presença de feto em útero e um natimorto, repleção de vesícula urinária",,,,,,,,,,,,,,,,,,
Mairipora,6830566,79727,No_sample,,Negative,26/09/2018,2018,9,26,26/09/2018,26/09/2018,howler_monkey,Alouatta clamitans,Rua Pau Marfim - Condomínio Sausalito - CEP: 07600-000 - Mairiporã - SP,,-23.3720397,-46.6437934,Não realizada (HP ñ compatível com FA),Negativo,,-,"Ascite, hidropericárdio, hepatopatia, nefropatia, endocardite (?)",,,,,,,,,,,,,,,,,,
Norte,6830598,82488,No_sample,,Negative,05/12/2018,2018,12,5,05/12/2018,06/12/2018,marmoset,Callithrix sp,"Rua José Vicente, 181 - Tremembé - CEP: 02370-080 - São Paulo - SP",,-23.461726,-46.623013,Não realizada (HP ñ compatível com FA),"Negativo (encéfalo), Negativo (fígado)",Euthanasia,-,"Edema em pálpebra esquerda, congestão encefálica e em ID",,,,,,,,,,,,,,,,,,
Norte,6830602,82694,No_sample,,Negative,11/12/2018,2018,12,11,11/12/2018,11/12/2018,Macaco-prego,Sapajus sp,"Avenida Santa Inês, alt. 2920/ portão 7 - Jardim Peri - CEP: 02631-000 - São Paulo - SP",,-23.4613387,-46.6395745,Inadequado (autólise),"Negativo (encéfalo), Negativo (fígado)","Trauma, accidental, being run over",X,"Autólise, fratura de crânio",,,,,,,,,,,,,,,,,,
Norte,6830602,82695,No_sample,,Negative,11/12/2018,2018,12,11,11/12/2018,11/12/2018,Macaco-prego,Sapajus sp,"Avenida Santa Inês, alt. 2920/ portão 7 - Jardim Peri - CEP: 02631-000 - São Paulo - SP",,-23.4613387,-46.6395745,Inadequado (autólise),"Negativo (encéfalo), Negativo (fígado)","Trauma, accidental, being run over",X,"Hematoma encefálico, hemorragia intracraniana",,,,,,,,,,,,,,,,,,
Norte,6830602,82763,No_sample,,Negative,11/12/2018,2018,12,11,11/12/2018,11/12/2018,Macaco-prego,Sapajus sp,"Avenida Santa Inês, alt. 2920/ portão 7 - Jardim Peri - CEP: 02631-000 - São Paulo - SP",,-23.4613387,-46.6395745,Não recebido,"Negativo (encéfalo), Negativo (fígado)","Circulatory, hypovolemic shock",-,"Morte da mãe, animal intra-útero",,,,,,,,,,,,,,,,,,