Location,SINAN,STATUS,CADASTRO,RESULTADO_FINAL,Date,year,month,day,Date_death,Date_notification,Popular_name,Scientific_name,Location,OBS,latitude,longitude,IHQ_Result,PCR_Result,Cause_death,TCE,ALTERAÇÕES PRINCIPAIS,PNH_nb,MULTIPLEX_PCR_SEQUENCING,MULTIPLEX_PCR_BARCODE_NUMBER,MULTIPLEX_PCR_LIBRARY_NAME,MULTIPLEX_PCR_Nb of reads mapped,Average depth coverage,MULTIPLEX_PCR_Bases covered >10x,MULTIPLEX_PCR_Bases covered >25x,MULTIPLEX_PCR_Reference covered (%),SMART_9N_SEQUENCING,SMART_9N_BARCODE_NUMBER,SMART_9N_LIBRARY_NAME,SMART_9N_Nb of reads mapped,SMART_9N_Average depth coverage,SMART_9N_Bases covered >10x,SMART_9N_Bases covered >25x,SMART_9N_Reference covered (%),KRAKEN2_DISCOVERY
Norte,5732718,IMT_Freezer_TBS,72232,POSITIVO,09/10/2017,2017,10,9,desconhecida,09/10/2017,Bugio-ruivo,Alouatta clamitans,"Rua General Isidoro Dias Lopes, 600 - Vila Amália - CEP: 02618-290 - São Paulo - SP",,-23.464568,-46.6488902,não tem,Positivo,"Infecciosa, agente viral, febre amarela",-,Autólise avançada.,2067,,,,,,,,,,,,,,,,,
Norte,5732719,No_sample,72262,NEGATIVO,10/10/2017,2017,10,10,desconhecida,10/10/2017,Bugio-ruivo,Alouatta clamitans,"Avenida Tenente Julio Prado Neves, s/n - Tremembé - CEP: 02370-000 - São Paulo - SP",,-23.4635875,-46.6220633,Negativo,Negativo (fígado),"Traumatismo, suspeita",-,"Autólise, fratura exposta em MTD, laceração em pele, ruptura gástrica, conteúdo abdominal livre em cavidade",,,,,,,,,,,,,,,,,,
Mairipora,5732727,No_sample,72621,NEGATIVO,21/10/2017,2017,10,21,20/10/2017,21/10/2017,Bugio-ruivo,Alouatta clamitans,"Alameda dos Cardeais, 295 - Condominio Alpes da Cantareira - CEP: 07600-000 - Mairiporã - SP",,-23.4172743,-46.6539609,Negativo,Negativo (fígado),"Traumatismo, predação",-,"Lesões perfurantes, fratura de costela",,,,,,,,,,,,,,,,,,
Norte,5732728,No_sample,71769,NEGATIVO,26/09/2017,2017,9,26,22/10/2017,23/10/2017,Sagui,Callithrix sp.,"Rua do Horto, 931 - Horto Florestal - CEP: 023770-000 - São Paulo - SP - CONFIRMAR",CEP para o endereco 02377-010,-23.4581103,-46.6342609,Negativo,Negativo,Eutanásia,-,Ausência de alterações,,,,,,,,,,,,,,,,,,
Norte,5732734,No_sample,72729,NEGATIVO,26/10/2017,2017,10,26,desconhecida,26/10/2017,Bugio-ruivo,Alouatta clamitans,"Estrada do Barrocada, 2700 - Sítio Barrocada - CEP: 02282-000 - São Paulo - SP","acha so Estrada do Barrocada, Sítio Barrocada (sem o numero) e CEP da para um lugar diferente e nao acha o cep original",-23.4051282,-46.5756682,Negativo,Negativo,"Traumatismo, indeterminado",-,"Fratura de vértebras coccígeas em região de base de cauda com laceração em tecido cutâneo e muscular, associado a miíase",,,,,,,,,,,,,,,,,,
Mairipora,5732737,No_sample,72781,NEGATIVO,29/10/2017,2017,10,29,28/10/2017,29/10/2017,Bugio-ruivo,Alouatta clamitans,"Estrada Santa Inês, km 15 - CEP: 07600-000 - Mairiporã - SP","nao acha pelo km, cep diferente",-23.4189989,-46.6655516,Negativo,Negativo,Inconclusiva,-,"Hematoma em região torácica, baço com bordos irregulares, encéfalo congesto",,,,,,,,,,,,,,,,,,
Norte,5732738,No_sample,72787,NEGATIVO,29/10/2017,2017,10,29,29/10/2017,29/10/2017,Bugio-ruivo,Alouatta clamitans,"Av. Santa Inês, 2000 - Jardim Peri - CEP: 02611-001 - São Paulo - SP","so acha por Av. Santa Inês, 2000 - Jardim Carlu, São Paulo - SP, 02423-030, Brasil",-23.4648443,-46.6340698,Negativo,Negativo,"Traumatismo, choque neurogênico",X,"Fratura craniana associada a herniação e hemorragia em encéfalo, fratura de mandíbula, secreção amarelada sobre superfície pulmonar",,,,,,,,,,,,,,,,,,
Norte,5732751,No_sample,72959,NEGATIVO,04/11/2017,2017,11,4,03/11/2017,04/11/2017,Bugio-ruivo,Alouatta clamitans,"P.E. Albert Lofgren - Rua do Horto, 931 - Horto Florestal - CEP: 023770-000 - São Paulo - SP","** se coloca so rua do horto 931 da em um lugar diferent. Policiamento Ambiental do Estado de São Paulo - R. do Horto, 931 - Horto Florestal, São Paulo - SP, Brasil",-23.4598158,-46.6361394,Negativo,Negativo,Inconclusiva,-,"Área enegrecida em lobo pulmonar, congestão discreta de vasos de meninge",,,,,,,,,,,,,,,,,,
Norte,4304004,No_sample,73140,NEGATIVO,10/11/2017,2017,11,10,10/11/2017,10/11/2017,Bugio-ruivo,Alouatta clamitans,"Avenida Nova Cantareira, 5771 - Vila Albertina - CEP: 02340-002 - São Paulo - SP","Av. Nova Cantareira, 5771 - Tucuruvi, São Paulo - SP, 02341-002,",-23.4508046,-46.6164128,Negativo,Negativo (fígado),"Traumatismo, acidental, eletrocussão",-,"Lesões superficiais por queimadura, hemorragia pulmonar, esplenomegalia, palidez de coração e fígado, congestão de vasos intestinais e encéfalo.",,,,,,,,,,,,,,,,,,
Mairipora,4304010,No_sample,73237,NEGATIVO,14/11/2017,2017,11,14,14/11/2017,14/11/2017,Bugio-ruivo,Alouatta clamitans,"Estrada da Roseira, s/n - Condominio Parque Imperial - CEP: 07600-000 - Mairiporã - SP","Estr. da Roseira - Mairiporã, SP, 07600-000, Brasil. nao acha o condominio",-23.3663779,-46.6125439,Negativo,Negativo,"Eutanásia, eletrocussão",-,"Lesões necrosantes e lacerativas em MTs, região abdominal e cauda, nefropatia",,,,,,,,,,,,,,,,,,
Mairipora,4304011,No_sample,73275,POSITIVO,16/11/2017,2017,11,16,16/11/2017,16/11/2017,Bugio-ruivo,Alouatta clamitans,"Estrada Santa Inês, altura do no. 3000 (km 34) - CEP: 07600-000 - Mairiporã - SP","nao acha pelo km, cep diferente",-23.4189989,-46.6655516,Positivo,Positivo,"Infecciosa, viral, febre amarela",-,"Icterícia, hepatite",,,,,,,,,,,,,,,,,,
Mairipora,4304011,No_sample,73276,POSITIVO,16/11/2017,2017,11,16,16/11/2017,16/11/2017,Bugio-ruivo,Alouatta clamitans,"Estrada Santa Inês, altura do no. 3000 (km 34) - CEP: 07600-000 - Mairiporã - SP","nao acha pelo km, cep diferente",-23.4189989,-46.6655516,Negativo,Positivo,Eutanásia,-,Ausência de alterações. Febre amarela.,,,,,,,,,,,,,,,,,,
Norte,4304016,No_sample,73383,NEGATIVO,20/11/2017,2017,11,20,20/11/2017,20/11/2017,Bugio-ruivo,Alouatta clamitans,"Rua Cântarus, 73 - Tremembé - CEP: 02289-000 - São Paulo - SP",pelo CEP da diferente,-23.4183528,-46.5822123,Amostra inadequada- sem amostra figado,Negativo,Eutanásia,-,"Líquido em cavidade abdominal, áreas de coloraçãpo vermelho-enegrecida no pulmão, secreção espumosa em traqueia",,,,,,,,,,,,,,,,,,
Norte,4304018,No_sample,73490,NÃO DETERMINADO,22/11/2017,2017,11,22,desconhecida,23/11/2017,Bugio-ruivo,Alouatta clamitans,"Estrada Clementina Cardoso da Silva, s/n - Sítio Botuquara - CEP: 02988-000 - São Paulo - SP",,-23.4224643,-46.7211147,Amostra não enviada,Amostra não enviada,NÃO DETERMINADA,-,-,,,,,,,,,,,,,,,,,,
Mairipora,4304020,No_sample,73553,POSITIVO,25/11/2017,2017,11,25,desconhecida,26/11/2017,Bugio-ruivo,Alouatta clamitans,"Estrada da Roseira, 780 - São Luiz - CEP: 07600-000 - Mairiporã - SP",,-23.3668848,-46.6136934,Positivo,Positivo,"Infecciosa, agente viral, febre amarela",-,"Hepatopatia, nefropatia e pneumonia",,,,,,,,,,,,,,,,,,
Mairipora,4304024,No_sample,73635,POSITIVO,28/11/2017,2017,11,28,28/11/2017,28/11/2017,Bugio-ruivo,Alouatta clamitans,"Estrada da Roseira, altura 8000 - CEP: 07600-000 - Mairiporã - SP","nao acho pela altura, Estr. da Roseira - Mairiporã, SP, 07600-000, Brasil",-23.3663779,-46.6125439,Positivo,Positivo,"Eutanásia, febre amarela",-,"Sangue em cavidade oral, fógado vinhoso com áreas amareladas entremeadas",,,,,,,,,,,,,,,,,,
Norte,4304025,No_sample,73641,NEGATIVO,28/11/2017,2017,11,28,desconhecida,28/11/2017,Bugio-ruivo,Alouatta clamitans,"Rua Kotinda, 1781 - Jardim Corizo - CEP: 02365-010 - São Paulo - SP","R. Kotinda, 1781 - Furnas, São Paulo - SP, 02366-265",-23.4238981,-46.5811609,Negativo,Negativo,Indeterminada por autólise,-,Todos os órgãos friáveis - autólise,,,,,,,,,,,,,,,,,,
Norte,4304026,No_sample,73650,NEGATIVO,28/11/2017,2017,11,28,28/11/2017,28/11/2017,Bugio-ruivo,Alouatta clamitans,"Rua Capitão José Aguirre Camargo, 400 - Tremembé - CEP: 02357-120 - São Paulo - SP","nao acha o cep R. Cap. José Aguirre Camargo, 400 - Tremembé, São Paulo",-23.4445678,-46.6101336,Negativo,Negativo,"Eutanásia, traumatismo, predação",-,"Hemorragia e edema pulmonar, hemorragia renal, hematomas em musculatura de região torácica e lombar",,,,,,,,,,,,,,,,,,
Mairipora,4304027,No_sample,73671,NEGATIVO,29/11/2017,2017,11,29,29/11/2017,29/11/2017,Bugio-ruivo,Alouatta clamitans,"Estrada Abílio Barbosa Prado, 60 - Parque Petrópolis - CEP: 07600-000 - Mairiporã - SP","nao acha pelo numero, Estr. Abílio Barbosa Do Prado - Mairiporã, SP, 07600-000, Brasil",-23.3662185,-46.592896,Negativo,Negativo,Eutanásia,-,"Congestão discreta de encéfalo, áreas avermelhadas em lobos pulmonares, palidez em região medular renal",,,,,,,,,,,,,,,,,,
Mairipora,4304027,No_sample,73672,NEGATIVO,29/11/2017,2017,11,29,29/11/2017,29/11/2017,Bugio-ruivo,Alouatta clamitans,"Estrada Abílio Barbosa Prado, 60 - Parque Petrópolis - CEP: 07600-000 - Mairiporã - SP","nao acha pelo numero, Estr. Abílio Barbosa Do Prado - Mairiporã, SP, 07600-000, Brasil",-23.3662185,-46.592896,Negativo,Negativo (fígado),Eutanásia,-,Ausência de alterações,,,,,,,,,,,,,,,,,,
Norte,4304031,No_sample,73780,NEGATIVO,03/12/2017,2017,12,3,desconhecida,03/12/2017,Bugio-ruivo,Alouatta clamitans,"P.E. Albert Lofgren - Rua do Horto, 931 - Horto Florestal - CEP: 02377-000 - São Paulo - SP","** se coloca so rua do horto 931 da em um lugar diferent. Policiamento Ambiental do Estado de São Paulo - R. do Horto, 931 - Horto Florestal, São Paulo - SP, Brasil",-23.4598158,-46.6361394,Negativo,Negativo,Indeterminada por autólise,-,Autólise avançada,,,,,,,,,,,,,,,,,,
Norte,4304032,Sequenced,73781,POSITIVO,03/12/2017,2017,12,3,desconhecida,03/12/2017,Bugio-ruivo,Alouatta clamitans,"Rua Antonieta Del Picchia, 246 - Jardim Ibiratiba - CEP: 02359-010 - São Paulo - SP",,-23.448098,-46.6199025,Positivo,Positivo,"Infecciosa, agente viral, febre amarela",-,"Efusão ascítica, efusão pericárdica, lesões pumonares, hepatopatia",2457,Sequenced,BC01,YFV_Lib02Rep_20220516,119279,2816.48,10224,10025,86.2602,,,,,,,,,
Norte,4304033,Sequenced,73809,POSITIVO,05/12/2017,2017,12,5,desconhecida,05/12/2017,Bugio-ruivo,Alouatta clamitans,"P.E. Cantareira - Rua do Horto, 1799 - Horto Florestal - CEP: 02377-000 - São Paulo - SP","Parque Estadual Cantareira - Núcleo Pedra Grande - R. do Horto, 1799 - Horto Florestal, São Paulo - SP, 02377-000, Brasil",-23.4542863,-46.6360281,Positivo,Positivo,"Infecciosa, agente viral, febre amarela",-,"Hepatiopatia, nefropatia, hepatização pulmonar",2508,Sequenced,BC01,YFV_horto,14587,677.537,10221,9804,80.0995,,,,,,,,,
Norte,4304034,Sequenced,73810,POSITIVO,05/12/2017,2017,12,5,desconhecida,05/12/2017,Bugio-ruivo,Alouatta clamitans,"Rua Antonieta Del Picchia, 246 - Jardim Ibiratiba - CEP: 02359-010 - São Paulo - SP",,-23.448098,-46.6199025,Inadequado,Positivo,"Infecciosa, agente viral, febre amarela",-,"Hepatopatia, áreas avermelhadas em lobos pulmonares, efusão abdominal",2510,Sequenced,BC02,YFV_horto,42083,1737,10232,10231,86.5089,,,,,,,,,
Norte,4304036,No_sample,73816,POSITIVO,05/12/2017,2017,12,5,desconhecida,05/12/2017,Bugio-ruivo,Alouatta clamitans,"Rua Antonieta Del Picchia, 246 - Jardim Ibiratiba - CEP: 02359-010 - São Paulo - SP",,-23.448098,-46.6199025,Positivo,Positivo,"Infecciosa, agente viral, Febre amarela",-,"Hepatopatia, nefropatia, congestão pulmonar",,,,,,,,,,,,,,,,,,
Norte,4304037,No_sample,73820,POSITIVO,05/12/2017,2017,12,5,desconhecida,05/12/2017,Bugio-ruivo,Alouatta clamitans,"R. Mateus García, 2000 - Vila Irmaos Arnoni - CEP: 02374-000 - São Paulo - SP",,-23.4545195,-46.6235704,Positivo,Positivo,"Infecciosa, agente viral, Febre amarela",-,"Palidez generalizada, hemoperitônio, hepatopatia e esplenomegalia",,,,,,,,,,,,,,,,,,
Norte,4304037,No_sample,73821,POSITIVO,05/12/2017,2017,12,5,05/12/2017,05/12/2017,Bugio-ruivo,Alouatta clamitans,"R. Mateus García, 2000 - Vila Irmaos Arnoni - CEP: 02374-000 - São Paulo - SP",,-23.4545195,-46.6235704,Positivo,Positivo,"Eutanásia, infecciosa, febre amarela",X,"Palidez hepática, coágulo sanguíneo livre em calota craniana, cerebelo intensamente congesto, encéfalo congesto",,,,,,,,,,,,,,,,,,
Norte,4304038,Sequenced,73840,POSITIVO,05/12/2017,2017,12,5,05/12/2017,05/12/2017,Bugio-ruivo,Alouatta clamitans,"Avenida Coronel Sezefredo Fagundes, 14227 - Jardim das Pedras - CEP: 02368-000 - São Paulo - SP","CEP errado Av. Cel. Sezefredo Fagundes, 14227 - Jardim das Pedras, São Paulo - SP, 02367-075, Brasil",-23.4161991,-46.5845585,Positivo,Positivo,"Infecciosa, agente viral, Febre amarela",-,"Congestão e edema pulmonar, miocárdio pálido, com coágulos, palidez hepática e renal, com áreas amareladas",2513,Sequenced,BC03,YFV_horto,5822,269.839,10039,8449,69.4355,,,,,,,,,
Norte,4304039,Sequenced,73888,POSITIVO,07/12/2017,2017,12,7,desconhecida,07/12/2017,Bugio-ruivo,Alouatta clamitans,"Rua Manoel Moraes Pontes, 649 - Vila Albertina - CEP: 02373-000 - São Paulo - SP",,-23.4520161,-46.6192767,Negativo,Positivo,"Traumatismo, eletrocussão - suspeita",-,Pelame chamuscado,2701,Sequenced,BC08,YFV_horto,140742,3184.05,8800,8789,70.3288,,,,,,,,,
Norte,4304040,No_sample,73889,POSITIVO,07/12/2017,2017,12,7,desconhecida,07/12/2017,Bugio-ruivo,Alouatta clamitans,"Rua Antonieta Del Picchia, 246 - Jardim Ibiratiba - CEP: 02359-010 - São Paulo - SP",,-23.448098,-46.6199025,Positivo,Positivo,"Infecciosa, agente viral, febre amarela",-,Autólise avançada,,,,,,,,,,,,,,,,,,
Norte,4304042,No_sample,73941,POSITIVO,08/12/2017,2017,12,8,desconhecida,08/12/2017,Bugio-ruivo,Alouatta clamitans,"Rua Antonieta Del Picchia, 246 - Jardim Ibiratiba - CEP: 02359-010 - São Paulo - SP",,-23.448098,-46.6199025,Positivo,Positivo,"Infecciosa, viral, febre amarela",-,"Hepatopatia, múltiplas fissuras hepáticas, coágulos e líquido sanguinolento livres em cavidade abdominal, efusão pericárdica, palidez renal",,,,,,,,,,,,,,,,,,
Norte,4304042,No_sample,73942,POSITIVO,08/12/2017,2017,12,8,desconhecida,08/12/2017,Bugio-ruivo,Alouatta clamitans,"Rua Antonieta Del Picchia, 246 - Jardim Ibiratiba - CEP: 02359-010 - São Paulo - SP",,-23.448098,-46.6199025,Positivo,Positivo,"Traumatismo, febre amarela",X,"Coágulos livres em cavidade abdominal, aderidos em superfície hepática e em cavidade torácica, fratura de calota craniana, hematomas em musculatura de região torácica, hepato e nefropatia",,,,,,,,,,,,,,,,,,
Norte,4304042,No_sample,73943,POSITIVO,08/12/2017,2017,12,8,desconhecida,08/12/2017,Bugio-ruivo,Alouatta clamitans,"Rua Antonieta Del Picchia, 246 - Jardim Ibiratiba - CEP: 02359-010 - São Paulo - SP",,-23.448098,-46.6199025,Positivo,Positivo,"Infecciosa, viral, febre amarela",-,Hepatopatia,,,,,,,,,,,,,,,,,,
Norte,4304042,No_sample,73944,NÃO DETERMINADO,08/12/2017,2017,12,8,desconhecida,08/12/2017,Bugio-ruivo,Alouatta clamitans,"Rua Antonieta Del Picchia, 246 - Jardim Ibiratiba - CEP: 02359-010 - São Paulo - SP",,-23.448098,-46.6199025,amostra não enviada,amostra não enviada,Indeterminada por autólise,-,Autólise avançada,,,,,,,,,,,,,,,,,,
Norte,4304042,No_sample,73945,NÃO DETERMINADO,08/12/2017,2017,12,8,desconhecida,08/12/2017,Bugio-ruivo,Alouatta clamitans,"Rua Antonieta Del Picchia, 246 - Jardim Ibiratiba - CEP: 02359-010 - São Paulo - SP",,-23.448098,-46.6199025,amostra não enviada,amostra não enviada,Indeterminada por autólise,-,Autólise avançada,,,,,,,,,,,,,,,,,,
Mairipora,4304043,No_sample,73946,POSITIVO,08/12/2017,2017,12,8,desconhecida,08/12/2017,Bugio-ruivo,Alouatta clamitans,"P.E. da Cantareira - Núcleo Águas Claras - Av. Senador José Erminio de Morais, s/n - CEP: 02357-000 - Mairiporã - SP","CEP errado Parque Estadual Cantareira - Núcleo Águas Claras - Av. Sen. José Ermírio de Moraes, s/n - Sítio Barrocada, Mairiporã - SP, 07600-000, Brasil",-23.4214045,-46.6215058,Positivo,Positivo,"Infecciosa, viral, febre amarela",-,"Edema pulmonar, hidropericárdio, icterícia, palidez de miocárdio e rins",,,,,,,,,,,,,,,,,,
Norte,4304044,No_sample,73947,NEGATIVO,08/12/2017,2017,12,8,desconhecida,08/12/2017,Bugio-ruivo,Alouatta clamitans,"P.E. da Cantareira - Núcleo Pedra Grande - Rua do Horto, 1799- Horto Florestal - CEP: 02377-000 - São Paulo - SP","Parque Estadual Cantareira - Núcleo Pedra Grande - R. do Horto, 1799 - Horto Florestal, São Paulo - SP, 02377-000, Brasil",-23.4542863,-46.6360281,Negativo,Negativo (fígado),"Traumatismo, indeterminado",X,Trauma craniano e amputação de mão esquerda,,,,,,,,,,,,,,,,,,
Norte,4304046,Sequenced,73987,POSITIVO,11/12/2017,2017,12,11,desconhecida,11/12/2017,Bugio-ruivo,Alouatta clamitans,"Rua Gervasio Leite Rebelo, 1073 - Jardim Peri Alto - CEP: 02675-050 - São Paulo - SP",,-23.4533649,-46.6709301,Positivo,Positivo,"Infecciosa, agente viral, febre amarela",-,"Hepatopatia, nefropatia, esplenomegalia, edema pulmonar intenso, ascite e efusão pericárdica",2682,Sequenced,BC07,YFV_Lib02Rep_20220516,78729,2838.26,10225,10218,89.336,,,,,,,,,
Norte,4304047,Sequenced,73988,POSITIVO,11/12/2017,2017,12,11,desconhecida,11/12/2017,Bugio-ruivo,Alouatta clamitans,"P.E. da Cantareira - Núcleo Pedra Grande - Rua do Horto, 1799- Horto Florestal - CEP: 02377-000 - São Paulo - SP","Parque Estadual Cantareira - Núcleo Pedra Grande - R. do Horto, 1799 - Horto Florestal, São Paulo - SP, 02377-000, Brasil",-23.4542863,-46.6360281,Positivo,Positivo,"Infecciosa, agente viral, febre amarela",-,"Hemoperitônio, coágulos livres em cavidade abdominal, hepatopatia e nefropatia",2708,Sequenced,BC09,YFV_horto,30504,1401.84,10218,10214,85.9563,,,,,,,,,
Norte,4304049,No_sample,73979,POSITIVO,11/12/2017,2017,12,11,desconhecida,11/12/2017,Bugio-ruivo,Alouatta clamitans,"Rua Artur Sievers, 370 - Jardim Ibiratiba- CEP: 02359-000 - - São Paulo - SP",,-23.4480666,-46.6185899,Positivo,Positivo,"Infecciosa, agente viral, febre amarela",-,"Hepatopatia, nefropatia, hidropericárdio",,,,,,,,,,,,,,,,,,
Norte,4304050,Sequenced,74016,POSITIVO,11/12/2017,2017,12,11,desconhecida,11/12/2017,Bugio-ruivo,Alouatta clamitans,"P.E. da Cantareira - Núcleo Pedra Grande - Rua do Horto, 1799- Horto Florestal - CEP: 02377-000 - São Paulo - SP","Parque Estadual Cantareira - Núcleo Pedra Grande - R. do Horto, 1799 - Horto Florestal, São Paulo - SP, 02377-000, Brasil",-23.4542863,-46.6360281,Inadequado,Positivo,"Infecciosa, agente viral, febre amarela",-,"Hepatopatia, nefropatia, efusão pleural e pericárdica",2681,Sequenced,BC05,YFV_horto,27460,1254.72,10227,10208,86.03,,,,,,,,,
Norte,4304051,No_sample,74071,POSITIVO,12/12/2017,2017,12,12,desconhecida,12/12/2017,Bugio-ruivo,Alouatta clamitans,"P.E. da Cantareira - Núcleo Pedra Grande - Rua do Horto, 1799- Horto Florestal - CEP: 02377-000 - São Paulo - SP","Parque Estadual Cantareira - Núcleo Pedra Grande - R. do Horto, 1799 - Horto Florestal, São Paulo - SP, 02377-000, Brasil",-23.4542863,-46.6360281,Positivo,Positivo,"Infecciosa, agente viral, febre amarela",-,"Hepatopatia, nefropatia, enterite hemorrágica, congestão pulmonar",,,,,,,,,,,,,,,,,,
Norte,4304051,No_sample,74077,NÃO DETERMINADO,12/12/2017,2017,12,12,desconhecida,12/12/2017,Bugio-ruivo,Alouatta clamitans,"P.E. da Cantareira - Núcleo Pedra Grande - Rua do Horto, 1799- Horto Florestal - CEP: 02377-000 - São Paulo - SP","Parque Estadual Cantareira - Núcleo Pedra Grande - R. do Horto, 1799 - Horto Florestal, São Paulo - SP, 02377-000, Brasil",-23.4542863,-46.6360281,amostra não enviada,amostra não enviada,,,,,,,,,,,,,,,,,,,,,
Norte,4304052,No_sample,74070,POSITIVO,12/12/2017,2017,12,12,desconhecida,12/12/2017,Bugio-ruivo,Alouatta clamitans,"P.E. Albert Lofgren/ Horto Florestal - Rua do Horto, 931 - Horto Florestal - CEP: 02377-000 - São Paulo - SP","** se coloca so rua do horto 931 da em um lugar diferent. Policiamento Ambiental do Estado de São Paulo - R. do Horto, 931 - Horto Florestal, São Paulo - SP, Brasil",-23.4598158,-46.6361394,Positivo,Positivo,"Infecciosa, agente viral, febre amarela",-,"Hepatopatia, nefropatia, efusão pericárdica e peritoneal",,,,,,,,,,,,,,,,,,
Norte,4304053,No_sample,74113,POSITIVO,14/12/2017,2017,12,14,desconhecida,14/12/2017,Bugio-ruivo,Alouatta clamitans,"P.E. da Cantareira - Núcleo Pedra Grande - Rua do Horto, 1799- Horto Florestal - CEP: 02377-000 - São Paulo - SP","Parque Estadual Cantareira - Núcleo Pedra Grande - R. do Horto, 1799 - Horto Florestal, São Paulo - SP, 02377-000, Brasil",-23.4542863,-46.6360281,Positivo,Positivo,"Infecciosa, agente viral, febre amarela",-,"Hepatopatia, nefropatia, efusão abdominal, efusão pericárdica e enterite hemorrágica",,,,,,,,,,,,,,,,,,
Norte,4304053,No_sample,74114,POSITIVO,14/12/2017,2017,12,14,desconhecida,14/12/2017,Bugio-ruivo,Alouatta clamitans,"P.E. da Cantareira - Núcleo Pedra Grande - Rua do Horto, 1799- Horto Florestal - CEP: 02377-000 - São Paulo - SP","Parque Estadual Cantareira - Núcleo Pedra Grande - R. do Horto, 1799 - Horto Florestal, São Paulo - SP, 02377-000, Brasil",-23.4542863,-46.6360281,Positivo,Positivo,"Infecciosa, agente viral, febre amarela",X,"Hepatopatia, enterite grave, trauma crânio-encefálico",,,,,,,,,,,,,,,,,,
Norte,4304054,No_sample,74115,POSITIVO,14/12/2017,2017,12,14,desconhecida,14/12/2017,Bugio-ruivo,Alouatta clamitans,"Rua Clovis Salgado, 220 - Jardim das Pedras - CEP: 02367-000 - São Paulo - SP",,-23.4191513,-46.5903346,Positivo,Positivo,"Infecciosa, agente viral, febre amarela",-,"Hepatopatia, nefropatia, efusão pleural e pericárdica",,,,,,,,,,,,,,,,,,
Norte,4304056,Sequenced,74141,POSITIVO,14/12/2017,2017,12,14,desconhecida,14/12/2017,Bugio-ruivo,Alouatta clamitans,"P.E. da Cantareira - Núcleo Pedra Grande - Rua do Horto, 1799- Horto Florestal - CEP: 02377-000 - São Paulo - SP","Parque Estadual Cantareira - Núcleo Pedra Grande - R. do Horto, 1799 - Horto Florestal, São Paulo - SP, 02377-000, Brasil",-23.4542863,-46.6360281,Positivo,Positivo,"Infecciosa, agente viral, febre amarela",-,"Palidez e fissuras hepáticas, líquido sanguinolento e coágulos livres em cavidade abdominal, esplenomegalia, palidez renal e efusão pericárdica",2677,Sequenced,BC16,YFV_Lib02Rep_20220516,101043,2986.2,10145,9961,83.1568,,,,,,,,,
Norte,4304057,No_sample,74150,POSITIVO,15/12/2017,2017,12,15,14/12/2017,15/12/2017,Bugio-ruivo,Alouatta clamitans,"Avenida Deputado Cantídio Sampaio, 4595 - Vila Souza - CEP: 02860-001 - São Paulo - SP","CEP errado. Av. Dep. Cantídio Sampaio, 4595 - Vila Souza, São Paulo - SP, 02855-035, Brasil",-23.4461853,-46.7052696,Positivo,Positivo,"Infecciosa, agente viral, febre amarela",-,"Hepatopatia, nefropatia, hemorragia pulmonar",,,,,,,,,,,,,,,,,,
Norte,4304058,No_sample,74167,POSITIVO,15/12/2017,2017,12,15,desconhecida,15/12/2017,Bugio-ruivo,Alouatta clamitans,"Avenida Nova Cantareira, 6699 - Jardim Ibiratiba - CEP: 02341-002 - São Paulo - SP","Av. Nova Cantareira, 6699 - Tucuruvi, São Paulo - SP, 02341-002, Brasil",-23.4461714,-46.6176563,Positivo,Positivo,"Traumatismo, acidental, eletrocussão",-,"Lacerações superficiais em membro e face, hemorragia abdominal, palidez hepática. Febre amarela.",,,,,,,,,,,,,,,,,,
Norte,4304059,Sequenced,74192,POSITIVO,16/12/2017,2017,12,16,desconhecida,16/12/2017,Bugio-ruivo,Alouatta clamitans,"P.E. Albert Lofgren/ Horto Florestal - Rua do Horto, 931 - Horto Florestal - CEP: 02377-000 - São Paulo - SP","** se coloca so rua do horto 931 da em um lugar diferent. Policiamento Ambiental do Estado de São Paulo - R. do Horto, 931 - Horto Florestal, São Paulo - SP, Brasil",-23.4598158,-46.6361394,Positivo,Positivo,"Infecciosa, agente viral, febre amarela",-,"Vários órgãos friáveis - autolisados, hepatopatia, lobos pulmonares avermelhados",2684,Sequenced,BC07,YFV_horto,14852,691.064,10210,10023,83.0924,,,,,,,,,
Norte,4304060,No_sample,74193,POSITIVO,16/12/2017,2017,12,16,desconhecida,16/12/2017,Bugio-ruivo,Alouatta clamitans,Praça Lions Club Tremembé - Vila Albertina - CEP: 02373-060 - São Paulo - SP,"Praça Lions Clube Tremembé - R. Maestro Pedro Jatobá - Vila Albertina, São Paulo - SP, 02373-060, Brasil",-23.4517279,-46.6184316,Positivo,Positivo,"Infecciosa, agente viral, febre amarela",-,"Hemoperitônio, hidropericárdio, hepatopatia, hemorragia pulmonar",,,,,,,,,,,,,,,,,,
Norte,4304060,No_sample,74194,POSITIVO,16/12/2017,2017,12,16,desconhecida,16/12/2017,Bugio-ruivo,Alouatta clamitans,Praça Lions Club Tremembé - Vila Albertina - CEP: 02373-060 - São Paulo - SP,"Praça Lions Clube Tremembé - R. Maestro Pedro Jatobá - Vila Albertina, São Paulo - SP, 02373-060, Brasil",-23.4517279,-46.6184316,Positivo,Positivo,"Infecciosa, agente viral, febre amarela",-,"Efusão pericárdica, abdominal e torácica, lobos hepáticos amarelados, hemorragia pulmonar, esplenomegalia",,,,,,,,,,,,,,,,,,
Norte,4304060,No_sample,74195,POSITIVO,16/12/2017,2017,12,16,16/12/2017,16/12/2017,Bugio-ruivo,Alouatta clamitans,Praça Lions Club Tremembé - Vila Albertina - CEP: 02373-060 - São Paulo - SP,"Praça Lions Clube Tremembé - R. Maestro Pedro Jatobá - Vila Albertina, São Paulo - SP, 02373-060, Brasil",-23.4517279,-46.6184316,Positivo,Positivo,"Infecciosa, agente viral, febre amarela",-,"Autólise de vários órgãos, palidez hepática e renal, hemoperitônio",,,,,,,,,,,,,,,,,,
Norte,4304061,No_sample,74203,POSITIVO,17/12/2017,2017,12,17,desconhecida,17/12/2017,Bugio-ruivo,Alouatta clamitans,"Avenida Deputado Cantídio Sampaio, 5686 - Vila Ana Rosa - CEP: 02857-000 - São Paulo - SP","CEP nao acha Av. Dep. Cantídio Sampaio, 5686 - Vila Nova Parada, São Paulo - SP, 02675-031, Brasil",-23.4381956,-46.7092847,Positivo,Positivo,"Infecciosa, agente viral, febre amarela",,"Hepatopatia, líquido livre em cavidade abdominal, rins heterogêneos, colecistite",,,,,,,,,,,,,,,,,,
Norte,4304061,No_sample,74204,POSITIVO,17/12/2017,2017,12,17,desconhecida,17/12/2017,Bugio-ruivo,Alouatta clamitans,"Avenida Deputado Cantídio Sampaio, 5686 - Vila Ana Rosa - CEP: 02857-000 - São Paulo - SP","CEP nao acha Av. Dep. Cantídio Sampaio, 5686 - Vila Nova Parada, São Paulo - SP, 02675-031, Brasil",-23.4381956,-46.7092847,Positivo,Positivo,"Infecciosa, agente viral, febre amarela",-,"Hepatopatia, nefropatia, áreas de coloração avermelhada em mucosa de intestino grosso",,,,,,,,,,,,,,,,,,
Norte,4304062,Sequenced,74210,POSITIVO,17/12/2017,2017,12,17,desconhecida,17/12/2017,Bugio-ruivo,Alouatta clamitans,"Avenida Nova Cantareira, 6370 - Tucuruvi - CEP: 02340-002 - São Paulo - SP",,-23.4476865,-46.6163571,Positivo,Positivo,"Infecciosa, agente viral, febre amarela",-,"Hepatopatia, hemorragia pulmonar, esplenomegalia, autólise.",2671,Sequenced,BC15,YFV_Lib02Rep_20220516,2129,99.9245,8171,6818,51.4412,,,,,,,,,
Norte,4304062,No_sample,74211,POSITIVO,17/12/2017,2017,12,17,desconhecida,17/12/2017,Bugio-ruivo,Alouatta clamitans,"Avenida Nova Cantareira, 6370 - Tucuruvi - CEP: 02340-002 - São Paulo - SP",,-23.4476865,-46.6163571,Positivo,Positivo,"Infecciosa, agente viral, febre amarela",-,Hepato e nefropatia,,,,,,,,,,,,,,,,,,
Norte,4304063,No_sample,74213,POSITIVO,17/12/2017,2017,12,17,desconhecida,17/12/2017,Bugio-ruivo,Alouatta clamitans,"P.E. Albert Lofgren/ Horto Florestal - Rua do Horto, 931 - Horto Florestal - CEP: 02377-000 - São Paulo - SP","** se coloca so rua do horto 931 da em um lugar diferent. Policiamento Ambiental do Estado de São Paulo - R. do Horto, 931 - Horto Florestal, São Paulo - SP, Brasil",-23.4598158,-46.6361394,Positivo,Positivo,"Infecciosa, agente viral, febre amarela",-,"Esplenomegalia, hepatopatia, hemorragia pulmonar, ascite, hidropericárdio",,,,,,,,,,,,,,,,,,
Norte,4304063,No_sample,74214,POSITIVO,17/12/2017,2017,12,17,desconhecida,17/12/2017,Bugio-ruivo,Alouatta clamitans,"P.E. Albert Lofgren/ Horto Florestal - Rua do Horto, 931 - Horto Florestal - CEP: 02377-000 - São Paulo - SP","** se coloca so rua do horto 931 da em um lugar diferent. Policiamento Ambiental do Estado de São Paulo - R. do Horto, 931 - Horto Florestal, São Paulo - SP, Brasil",-23.4598158,-46.6361394,Positivo,Positivo,"Infecciosa, agente viral, febre amarela",-,Hepatopatia e nefropatia,,,,,,,,,,,,,,,,,,
Norte,4304063,No_sample,74215,POSITIVO,17/12/2017,2017,12,17,17/12/2017,17/12/2017,Bugio-ruivo,Alouatta clamitans,"P.E. Albert Lofgren/ Horto Florestal - Rua do Horto, 931 - Horto Florestal - CEP: 02377-000 - São Paulo - SP","** se coloca so rua do horto 931 da em um lugar diferent. Policiamento Ambiental do Estado de São Paulo - R. do Horto, 931 - Horto Florestal, São Paulo - SP, Brasil",-23.4598158,-46.6361394,Positivo,Positivo,"Eutanásia, febre amarela",-,Ausência de lesões,,,,,,,,,,,,,,,,,,
Norte,4304064,No_sample,74228,POSITIVO,18/12/2017,2017,12,18,desconhecida,18/12/2017,Bugio-ruivo,Alouatta clamitans,"Avenida Senador José Ermírio de Moraes, 1250 - Tremembé - CEP: 02357-002 - São Paulo - SP",,-23.4450952,-46.6131346,Positivo,Positivo,"Infecciosa, agente viral, febre amarela",-,"Hepatopatia, ascite, hidropericárdio, esplenomegalia",2675,,,,,,,,,,,,,,,,,
Norte,5734913,Sequenced,74229,POSITIVO,18/12/2017,2017,12,18,18/12/2017,19/12/2017,Bugio-ruivo,Alouatta clamitans,"Avenida Senador José Ermírio de Moraes, 1250 - Tremembé - CEP: 02357-002 - São Paulo - SP",,-23.4450952,-46.6131346,inconclusiva,Positivo,"Eutanásia, febre amarela",-,"Pulmões, rins e fígado sangrantes ao corte, discreta palidez de medula renal",2779,Sequenced,BC30,YFV_Lib02Rep_20220516,322474,4492.1,10215,9738,82.7793,,,,,,,,,
Norte,5734914,No_sample,74142,POSITIVO,19/12/2017,2017,12,19,19/12/2017,19/12/2017,Bugio-ruivo,Alouatta clamitans,"P.E. da Cantareira - Núcleo Pedra Grande - Rua do Horto, 1799- Horto Florestal - CEP: 02377-000 - São Paulo - SP","Parque Estadual Cantareira - Núcleo Pedra Grande - R. do Horto, 1799 - Horto Florestal, São Paulo - SP, 02377-000, Brasil",-23.4542863,-46.6360281,Positivo,Positivo,"Infecciosa, agente viral, febre amarela",-,Hepatpatia,,,,,,,,,,,,,,,,,,
Norte,5734916,No_sample,74287,POSITIVO,19/12/2017,2017,12,19,19/12/2017,19/12/2017,Sagui,Callithrix sp.,"Rua Elcio Mazzei, 26 - Santana - CEP: 02408-140 - São Paulo - SP",,-23.4803478,-46.6272311,Negativo,Positivo,"Eutanásia, traumaismo",-,"Fratura de úmero, hematoma extnso, congestão pulmonar, palidez esplênica e hemorragia renal",,,,,,,,,,,,,,,,,,
Norte,5734917,No_sample,74300,POSITIVO,19/12/2017,2017,12,19,desconhecida,19/12/2017,Bugio-ruivo,Alouatta clamitans,"P.E. Albert Lofgren/ Horto Florestal - Rua do Horto, 931 - Horto Florestal - CEP: 02377-000 - São Paulo - SP","** se coloca so rua do horto 931 da em um lugar diferent. Policiamento Ambiental do Estado de São Paulo - R. do Horto, 931 - Horto Florestal, São Paulo - SP, Brasil",-23.4598158,-46.6361394,Positivo,Positivo,"Infecciosa, agente viral, febre amarela",-,Hepatopatia e nefropatia,,,,,,,,,,,,,,,,,,
Norte,5734917,No_sample,74301,POSITIVO,19/12/2017,2017,12,19,19/12/2017,19/12/2017,Bugio-ruivo,Alouatta clamitans,"P.E. Albert Lofgren/ Horto Florestal - Rua do Horto, 931 - Horto Florestal - CEP: 02377-000 - São Paulo - SP","** se coloca so rua do horto 931 da em um lugar diferent. Policiamento Ambiental do Estado de São Paulo - R. do Horto, 931 - Horto Florestal, São Paulo - SP, Brasil",-23.4598158,-46.6361394,Positivo,Positivo,"Infecciosa, agente viral, febre amarela",-,Hepatopatia e nefropatia,,,,,,,,,,,,,,,,,,
Norte,5734917,No_sample,74302,POSITIVO,19/12/2017,2017,12,19,19/12/2017,19/12/2017,Bugio-ruivo,Alouatta clamitans,"P.E. Albert Lofgren/ Horto Florestal - Rua do Horto, 931 - Horto Florestal - CEP: 02377-000 - São Paulo - SP","** se coloca so rua do horto 931 da em um lugar diferent. Policiamento Ambiental do Estado de São Paulo - R. do Horto, 931 - Horto Florestal, São Paulo - SP, Brasil",-23.4598158,-46.6361394,Positivo,Positivo,"Infecciosa, agente viral, febre amarela",-,"Hepatopatia, nefropatia, ascite, hidropericárdio",,,,,,,,,,,,,,,,,,
Norte,5734919,No_sample,74327,POSITIVO,20/12/2017,2017,12,20,desconhecida,20/12/2017,Bugio-ruivo,Alouatta clamitans,"P.E. Albert Lofgren/ Horto Florestal - Rua do Horto, 931 - Horto Florestal - CEP: 02377-000 - São Paulo - SP","** se coloca so rua do horto 931 da em um lugar diferent. Policiamento Ambiental do Estado de São Paulo - R. do Horto, 931 - Horto Florestal, São Paulo - SP, Brasil",-23.4598158,-46.6361394,Positivo,Positivo,"Infecciosa, agente viral, febre amarela",-,"Discreto conteúdo em estômago e alças, órgãos friáveis (autólise), hepatopatia, palidez renal, ascite, hidropericárdio.",,,,,,,,,,,,,,,,,,
Norte,5734919,No_sample,74328,POSITIVO,20/12/2017,2017,12,20,desconhecida,20/12/2017,Bugio-ruivo,Alouatta clamitans,"P.E. Albert Lofgren/ Horto Florestal - Rua do Horto, 931 - Horto Florestal - CEP: 02377-000 - São Paulo - SP","** se coloca so rua do horto 931 da em um lugar diferent. Policiamento Ambiental do Estado de São Paulo - R. do Horto, 931 - Horto Florestal, São Paulo - SP, Brasil",-23.4598158,-46.6361394,Positivo,Positivo,"Infecciosa, agente viral, febre amarela",-,"Fissura hepática, linfonodos mesentéricos com dimensões aumentadas",,,,,,,,,,,,,,,,,,
Norte,5734919,No_sample,74329,POSITIVO,20/12/2017,2017,12,20,desconhecida,20/12/2017,Bugio-ruivo,Alouatta clamitans,"P.E. Albert Lofgren/ Horto Florestal - Rua do Horto, 931 - Horto Florestal - CEP: 02377-000 - São Paulo - SP","** se coloca so rua do horto 931 da em um lugar diferent. Policiamento Ambiental do Estado de São Paulo - R. do Horto, 931 - Horto Florestal, São Paulo - SP, Brasil",-23.4598158,-46.6361394,Amostra inadequada - sem fígado,Positivo,"Infecciosa, agente viral, febre amarela",-,"Hepatopatia, ascite, palidez renal, áreas hemorrágicas em intestino",,,,,,,,,,,,,,,,,,
Norte,5734920,No_sample,74335,NEGATIVO,21/12/2017,2017,12,21,21/12/2017,21/12/2017,Bugio-ruivo,Alouatta clamitans,"Rua do Anoitecer, 43 - Jardim Valparaíso - CEP: 02367-350 - São Paulo - SP",,-23.421927,-46.5880621,Negativo,Negativo,Eutanásia,-,"Discretas alterações, fezes amolecidas, lesão ulcerada em estômago",,,,,,,,,,,,,,,,,,
Norte,5734923,No_sample,74340,POSITIVO,21/12/2017,2017,12,21,desconhecida,21/12/2017,Bugio-ruivo,Alouatta clamitans,"P.E. da Cantareira - Núcleo Pedra Grande - Rua do Horto, 1799- Horto Florestal - CEP: 02377-000 - São Paulo - SP","Parque Estadual Cantareira - Núcleo Pedra Grande - R. do Horto, 1799 - Horto Florestal, São Paulo - SP, 02377-000, Brasil",-23.4542863,-46.6360281,Positivo,Positivo,"Infecciosa, agente viral, febre amarela",-,"Hepatopatia, nefropatia, ascite, hidropericárdio, lesões pulmonares hemorrágicas",,,,,,,,,,,,,,,,,,
Norte,5734923,No_sample,74342,POSITIVO,21/12/2017,2017,12,21,desconhecida,21/12/2017,Bugio-ruivo,Alouatta clamitans,"P.E. da Cantareira - Núcleo Pedra Grande - Rua do Horto, 1799- Horto Florestal - CEP: 02377-000 - São Paulo - SP","Parque Estadual Cantareira - Núcleo Pedra Grande - R. do Horto, 1799 - Horto Florestal, São Paulo - SP, 02377-000, Brasil",-23.4542863,-46.6360281,Positivo,Positivo,"Infecciosa, agente viral, febre amarela",-,"Hepatopatia, nefropatia, efusão abdominal",,,,,,,,,,,,,,,,,,
Norte,5734924,No_sample,74346,POSITIVO,21/12/2017,2017,12,21,desconhecida,21/12/2017,Bugio-ruivo,Alouatta clamitans,"P.E. Albert Lofgren/ Horto Florestal - Rua do Horto, 931 - Horto Florestal - CEP: 02377-000 - São Paulo - SP","** se coloca so rua do horto 931 da em um lugar diferent. Policiamento Ambiental do Estado de São Paulo - R. do Horto, 931 - Horto Florestal, São Paulo - SP, Brasil",-23.4598158,-46.6361394,Positivo,Positivo,"Infecciosa, agente viral, febre amarela",-,"Fígado vermelho-amarelada, fissura hepática em vários lobos, coágulo sanguíneo livre em cavidade abdominal",,,,,,,,,,,,,,,,,,
Norte,5734924,No_sample,74347,POSITIVO,21/12/2017,2017,12,21,21/12/2017,21/12/2017,Bugio-ruivo,Alouatta clamitans,"P.E. Albert Lofgren/ Horto Florestal - Rua do Horto, 931 - Horto Florestal - CEP: 02377-000 - São Paulo - SP","** se coloca so rua do horto 931 da em um lugar diferent. Policiamento Ambiental do Estado de São Paulo - R. do Horto, 931 - Horto Florestal, São Paulo - SP, Brasil",-23.4598158,-46.6361394,Amostra inadequada - sem fígado,Positivo,"Infecciosa, agente viral, febre amarela",-,"Hepatopatia, nefropatia, ascite e hidropericárdio",,,,,,,,,,,,,,,,,,
Norte,5734924,No_sample,74348,POSITIVO,21/12/2017,2017,12,21,desconhecida,21/12/2017,Bugio-ruivo,Alouatta clamitans,"P.E. Albert Lofgren/ Horto Florestal - Rua do Horto, 931 - Horto Florestal - CEP: 02377-000 - São Paulo - SP","** se coloca so rua do horto 931 da em um lugar diferent. Policiamento Ambiental do Estado de São Paulo - R. do Horto, 931 - Horto Florestal, São Paulo - SP, Brasil",-23.4598158,-46.6361394,Positivo,Positivo,"Infecciosa, agente viral, febre amarela",-,"Hepatipatia, nefropatia e discreta ascite",,,,,,,,,,,,,,,,,,
Norte,5734926,Sequenced,74403,POSITIVO,22/12/2017,2017,12,22,desconhecida,22/12/2017,Bugio-ruivo,Alouatta clamitans,"P.E. Albert Lofgren/ Horto Florestal - Rua do Horto, 931 - Horto Florestal - CEP: 02377-000 - São Paulo - SP","** se coloca so rua do horto 931 da em um lugar diferent. Policiamento Ambiental do Estado de São Paulo - R. do Horto, 931 - Horto Florestal, São Paulo - SP, Brasil",-23.4598158,-46.6361394,Positivo,Positivo,"Infecciosa, agente viral, febre amarela",-,"Hepatopatia, nefropatia, ascite.",2742,Sequenced,BC11,YFV_horto,24858,1138.62,10230,10175,84.9342,,,,,,,,,
Norte,5734926,No_sample,74404,POSITIVO,22/12/2017,2017,12,22,desconhecida,22/12/2017,Bugio-ruivo,Alouatta clamitans,"P.E. Albert Lofgren/ Horto Florestal - Rua do Horto, 931 - Horto Florestal - CEP: 02377-000 - São Paulo - SP","** se coloca so rua do horto 931 da em um lugar diferent. Policiamento Ambiental do Estado de São Paulo - R. do Horto, 931 - Horto Florestal, São Paulo - SP, Brasil",-23.4598158,-46.6361394,Positivo,Positivo,"Infecciosa, agente viral, febre amarela",-,"Hepatopatia, palidez renal, ascite, hidropericárdio",,,,,,,,,,,,,,,,,,
Norte,5734926,No_sample,74405,POSITIVO,22/12/2017,2017,12,22,desconhecida,22/12/2017,Bugio-ruivo,Alouatta clamitans,"P.E. Albert Lofgren/ Horto Florestal - Rua do Horto, 931 - Horto Florestal - CEP: 02377-000 - São Paulo - SP","** se coloca so rua do horto 931 da em um lugar diferent. Policiamento Ambiental do Estado de São Paulo - R. do Horto, 931 - Horto Florestal, São Paulo - SP, Brasil",-23.4598158,-46.6361394,Positivo,Positivo,"Infecciosa, agente viral, febre amarela",-,Hepato e nefropatia,,,,,,,,,,,,,,,,,,
Norte,5734930,IMT_Freezer_TBS,74416,POSITIVO,24/12/2017,2017,12,24,desconhecida,24/12/2017,Bugio-ruivo,Alouatta clamitans,"P.E. Albert Lofgren/ Horto Florestal - Rua do Horto, 931 - Horto Florestal - CEP: 02377-000 - São Paulo - SP","** se coloca so rua do horto 931 da em um lugar diferent. Policiamento Ambiental do Estado de São Paulo - R. do Horto, 931 - Horto Florestal, São Paulo - SP, Brasil",-23.4598158,-46.6361394,Positivo,Positivo,"Infecciosa, agente viral, febre amarela",-,"Hepatopatia, nefropatia e hemoperitôneo",2786,Sequenced,BC22,YFV_Lib02Rep_20220516,49506,1744.29,10230,9962,85.9011,,,,,,,,,
Norte,5734930,IMT_Freezer_TBS,74417,POSITIVO,24/12/2017,2017,12,24,desconhecida,24/12/2017,Bugio-ruivo,Alouatta clamitans,"P.E. Albert Lofgren/ Horto Florestal - Rua do Horto, 931 - Horto Florestal - CEP: 02377-000 - São Paulo - SP","** se coloca so rua do horto 931 da em um lugar diferent. Policiamento Ambiental do Estado de São Paulo - R. do Horto, 931 - Horto Florestal, São Paulo - SP, Brasil",-23.4598158,-46.6361394,Positivo,Positivo,"Infecciosa, agente viral, febre amarela",-,Hepatopatia e nefropatia,,,,,,,,,,,,,,,,,,
Norte,5734930,IMT_Freezer_TBS,74418,POSITIVO,24/12/2017,2017,12,24,desconhecida,24/12/2017,Bugio-ruivo,Alouatta clamitans,"P.E. Albert Lofgren/ Horto Florestal - Rua do Horto, 931 - Horto Florestal - CEP: 02377-000 - São Paulo - SP","** se coloca so rua do horto 931 da em um lugar diferent. Policiamento Ambiental do Estado de São Paulo - R. do Horto, 931 - Horto Florestal, São Paulo - SP, Brasil",-23.4598158,-46.6361394,Positivo,Positivo,"Infecciosa, agente viral, febre amarela",-,"Hepatopatia, nefropatia e hemoperitôneo - autólise moderada",,,,,,,,,,,,,,,,,,
Norte,5734930,IMT_Freezer_TBS,74419,POSITIVO,24/12/2017,2017,12,24,desconhecida,24/12/2017,Bugio-ruivo,Alouatta clamitans,"P.E. Albert Lofgren/ Horto Florestal - Rua do Horto, 931 - Horto Florestal - CEP: 02377-000 - São Paulo - SP","** se coloca so rua do horto 931 da em um lugar diferent. Policiamento Ambiental do Estado de São Paulo - R. do Horto, 931 - Horto Florestal, São Paulo - SP, Brasil",-23.4598158,-46.6361394,Positivo,Positivo,"Infecciosa, agente viral, febre amarela",-,"Fígado de coloração heterogênea, icterícia, palidez renal, ascite",,,,,,,,,,,,,,,,,,
Norte,5734931,No_sample,74427,POSITIVO,26/12/2017,2017,12,26,desconhecida,26/12/2017,Bugio-ruivo,Alouatta clamitans,"P.E. Albert Lofgren/ Horto Florestal - Rua do Horto, 931 - Horto Florestal - CEP: 02377-000 - São Paulo - SP","** se coloca so rua do horto 931 da em um lugar diferent. Policiamento Ambiental do Estado de São Paulo - R. do Horto, 931 - Horto Florestal, São Paulo - SP, Brasil",-23.4598158,-46.6361394,Positivo,Positivo,"Infecciosa, agente viral, febre amarela",X,"Hepatopatia, nefropatia, lesões traumáticas em crânio",,,,,,,,,,,,,,,,,,
Norte,5734931,No_sample,74429,POSITIVO,26/12/2017,2017,12,26,desconhecida,26/12/2017,Bugio-ruivo,Alouatta clamitans,"P.E. Albert Lofgren/ Horto Florestal - Rua do Horto, 931 - Horto Florestal - CEP: 02377-000 - São Paulo - SP","** se coloca so rua do horto 931 da em um lugar diferent. Policiamento Ambiental do Estado de São Paulo - R. do Horto, 931 - Horto Florestal, São Paulo - SP, Brasil",-23.4598158,-46.6361394,amostra não enviada,amostra não enviada,,,,,,,,,,,,,,,,,,,,,
Norte,5734931,No_sample,74432,POSITIVO,26/12/2017,2017,12,26,desconhecida,26/12/2017,Bugio-ruivo,Alouatta clamitans,"P.E. Albert Lofgren/ Horto Florestal - Rua do Horto, 931 - Horto Florestal - CEP: 02377-000 - São Paulo - SP","** se coloca so rua do horto 931 da em um lugar diferent. Policiamento Ambiental do Estado de São Paulo - R. do Horto, 931 - Horto Florestal, São Paulo - SP, Brasil",-23.4598158,-46.6361394,amostra não enviada,amostra não enviada,,,,,,,,,,,,,,,,,,,,,
Norte,5734931,No_sample,74443,POSITIVO,26/12/2017,2017,12,26,desconhecida,26/12/2017,Bugio-ruivo,Alouatta clamitans,"P.E. Albert Lofgren/ Horto Florestal - Rua do Horto, 931 - Horto Florestal - CEP: 02377-000 - São Paulo - SP","** se coloca so rua do horto 931 da em um lugar diferent. Policiamento Ambiental do Estado de São Paulo - R. do Horto, 931 - Horto Florestal, São Paulo - SP, Brasil",-23.4598158,-46.6361394,amostra não enviada,amostra não enviada,,,,,,,,,,,,,,,,,,,,,
Norte,5734931,No_sample,74452,POSITIVO,26/12/2017,2017,12,26,desconhecida,26/12/2017,Bugio-ruivo,Alouatta clamitans,"P.E. Albert Lofgren/ Horto Florestal - Rua do Horto, 931 - Horto Florestal - CEP: 02377-000 - São Paulo - SP","** se coloca so rua do horto 931 da em um lugar diferent. Policiamento Ambiental do Estado de São Paulo - R. do Horto, 931 - Horto Florestal, São Paulo - SP, Brasil",-23.4598158,-46.6361394,Positivo,Positivo,"Infecciosa, agente viral, febre amarela",-,Autólise avançada,,,,,,,,,,,,,,,,,,
Norte,5734931,No_sample,74453,POSITIVO,26/12/2017,2017,12,26,desconhecida,26/12/2017,Bugio-ruivo,Alouatta clamitans,"P.E. Albert Lofgren/ Horto Florestal - Rua do Horto, 931 - Horto Florestal - CEP: 02377-000 - São Paulo - SP","** se coloca so rua do horto 931 da em um lugar diferent. Policiamento Ambiental do Estado de São Paulo - R. do Horto, 931 - Horto Florestal, São Paulo - SP, Brasil",-23.4598158,-46.6361394,Positivo,Positivo,"Infecciosa, agente viral, febre amarela",-,Autólise avançada,,,,,,,,,,,,,,,,,,
Norte,5734931,No_sample,74454,POSITIVO,26/12/2017,2017,12,26,desconhecida,26/12/2017,Bugio-ruivo,Alouatta clamitans,"P.E. Albert Lofgren/ Horto Florestal - Rua do Horto, 931 - Horto Florestal - CEP: 02377-000 - São Paulo - SP","** se coloca so rua do horto 931 da em um lugar diferent. Policiamento Ambiental do Estado de São Paulo - R. do Horto, 931 - Horto Florestal, São Paulo - SP, Brasil",-23.4598158,-46.6361394,Positivo,Positivo,"Infecciosa, agente viral, febre amarela",-,"Hepatopatia, ascite, hidropericárdio",,,,,,,,,,,,,,,,,,
Norte,5734931,No_sample,74455,POSITIVO,26/12/2017,2017,12,26,desconhecida,26/12/2017,Bugio-ruivo,Alouatta clamitans,"P.E. Albert Lofgren/ Horto Florestal - Rua do Horto, 931 - Horto Florestal - CEP: 02377-000 - São Paulo - SP","** se coloca so rua do horto 931 da em um lugar diferent. Policiamento Ambiental do Estado de São Paulo - R. do Horto, 931 - Horto Florestal, São Paulo - SP, Brasil",-23.4598158,-46.6361394,Positivo,Positivo,"Infecciosa, agente viral, febre amarela",-,Avançado estado de autólise,,,,,,,,,,,,,,,,,,
Norte,5734931,No_sample,74456,POSITIVO,26/12/2017,2017,12,26,26/12/2017,26/12/2017,Bugio-ruivo,Alouatta clamitans,"P.E. Albert Lofgren/ Horto Florestal - Rua do Horto, 931 - Horto Florestal - CEP: 02377-000 - São Paulo - SP","** se coloca so rua do horto 931 da em um lugar diferent. Policiamento Ambiental do Estado de São Paulo - R. do Horto, 931 - Horto Florestal, São Paulo - SP, Brasil",-23.4598158,-46.6361394,Positivo,Positivo,"Eutanásia, Infecciosa, agente viral, febre amarela",-,Hepatopatia e nefropatia,,,,,,,,,,,,,,,,,,
Norte,5734933,IMT_Freezer_TBS,74510,POSITIVO,27/12/2017,2017,12,27,desconhecida,27/12/2017,Bugio-ruivo,Alouatta clamitans,"P.E. Albert Lofgren/ Horto Florestal - Rua do Horto, 931 - Horto Florestal - CEP: 02377-000 - São Paulo - SP","** se coloca so rua do horto 931 da em um lugar diferent. Policiamento Ambiental do Estado de São Paulo - R. do Horto, 931 - Horto Florestal, São Paulo - SP, Brasil",-23.4598158,-46.6361394,Positivo,Positivo,"Infecciosa, agente viral, febre amarela",-,Autólise avançada,,,,,,,,,,,,,,,,,,
Norte,5734933,IMT_Freezer_TBS,74512,POSITIVO,27/12/2017,2017,12,27,desconhecida,27/12/2017,Bugio-ruivo,Alouatta clamitans,"P.E. Albert Lofgren/ Horto Florestal - Rua do Horto, 931 - Horto Florestal - CEP: 02377-000 - São Paulo - SP","** se coloca so rua do horto 931 da em um lugar diferent. Policiamento Ambiental do Estado de São Paulo - R. do Horto, 931 - Horto Florestal, São Paulo - SP, Brasil",-23.4598158,-46.6361394,Positivo,Positivo,"Infecciosa, agente viral, febre amarela",-,Autólise avançada,,,,,,,,,,,,,,,,,,
Norte,5734933,IMT_Freezer_TBS,74513,POSITIVO,27/12/2017,2017,12,27,desconhecida,27/12/2017,Bugio-ruivo,Alouatta clamitans,"P.E. Albert Lofgren/ Horto Florestal - Rua do Horto, 931 - Horto Florestal - CEP: 02377-000 - São Paulo - SP","** se coloca so rua do horto 931 da em um lugar diferent. Policiamento Ambiental do Estado de São Paulo - R. do Horto, 931 - Horto Florestal, São Paulo - SP, Brasil",-23.4598158,-46.6361394,Positivo,Positivo,"Infecciosa, agente viral, febre amarela",-,Autólise avançada,,,,,,,,,,,,,,,,,,
Norte,5734933,No_sample,74514,POSITIVO,27/12/2017,2017,12,27,desconhecida,27/12/2017,Bugio-ruivo,Alouatta clamitans,"P.E. Albert Lofgren/ Horto Florestal - Rua do Horto, 931 - Horto Florestal - CEP: 02377-000 - São Paulo - SP","** se coloca so rua do horto 931 da em um lugar diferent. Policiamento Ambiental do Estado de São Paulo - R. do Horto, 931 - Horto Florestal, São Paulo - SP, Brasil",-23.4598158,-46.6361394,Positivo,Positivo,"Infecciosa, agente viral, febre amarela",-,Autólise avançada,,,,,,,,,,,,,,,,,,
Norte,5734933,No_sample,74518,POSITIVO,27/12/2017,2017,12,27,desconhecida,27/12/2017,Bugio-ruivo,Alouatta clamitans,"P.E. Albert Lofgren/ Horto Florestal - Rua do Horto, 931 - Horto Florestal - CEP: 02377-000 - São Paulo - SP","** se coloca so rua do horto 931 da em um lugar diferent. Policiamento Ambiental do Estado de São Paulo - R. do Horto, 931 - Horto Florestal, São Paulo - SP, Brasil",-23.4598158,-46.6361394,amostra não enviada,amostra não enviada,,,,,,,,,,,,,,,,,,,,,
Norte,5734933,No_sample,74519,POSITIVO,27/12/2017,2017,12,27,desconhecida,27/12/2017,Bugio-ruivo,Alouatta clamitans,"P.E. Albert Lofgren/ Horto Florestal - Rua do Horto, 931 - Horto Florestal - CEP: 02377-000 - São Paulo - SP","** se coloca so rua do horto 931 da em um lugar diferent. Policiamento Ambiental do Estado de São Paulo - R. do Horto, 931 - Horto Florestal, São Paulo - SP, Brasil",-23.4598158,-46.6361394,amostra não enviada,amostra não enviada,,,,,,,,,,,,,,,,,,,,,
Norte,5734933,No_sample,74520,POSITIVO,27/12/2017,2017,12,27,desconhecida,27/12/2017,Bugio-ruivo,Alouatta clamitans,"P.E. Albert Lofgren/ Horto Florestal - Rua do Horto, 931 - Horto Florestal - CEP: 02377-000 - São Paulo - SP","** se coloca so rua do horto 931 da em um lugar diferent. Policiamento Ambiental do Estado de São Paulo - R. do Horto, 931 - Horto Florestal, São Paulo - SP, Brasil",-23.4598158,-46.6361394,amostra não enviada,amostra não enviada,,,,,,,,,,,,,,,,,,,,,
Norte,5734933,No_sample,74521,POSITIVO,27/12/2017,2017,12,27,desconhecida,27/12/2017,Bugio-ruivo,Alouatta clamitans,"P.E. Albert Lofgren/ Horto Florestal - Rua do Horto, 931 - Horto Florestal - CEP: 02377-000 - São Paulo - SP","** se coloca so rua do horto 931 da em um lugar diferent. Policiamento Ambiental do Estado de São Paulo - R. do Horto, 931 - Horto Florestal, São Paulo - SP, Brasil",-23.4598158,-46.6361394,amostra não enviada,amostra não enviada,,,,,,,,,,,,,,,,,,,,,
Norte,5734934,Sequenced,74511,POSITIVO,27/12/2017,2017,12,27,desconhecida,27/12/2017,Bugio-ruivo,Alouatta clamitans,"Av. Nova Cantareira, 3659 - Tucuruvi - CEP: 02341-001 - São Paulo - SP",,-23.4691167,-46.6188037,Positivo,Positivo,"Infecciosa, agente viral, febre amarela",-,"Hepatopatia, nefropatia, ascite, hidropericárdio",2782,Sequenced,BC20,YFV_Lib02Rep_20220516,186289,4305.16,10219,10218,86.2602,,,,,,,,,
Norte,5734936,No_sample,74609,NÃO DETERMINADO,28/12/2017,2017,12,28,desconhecida,28/12/2017,Bugio-ruivo,Alouatta clamitans,"P.E. Albert Lofgren/ Horto Florestal - Rua do Horto, 931 - Horto Florestal - CEP: 02377-000 - São Paulo - SP","** se coloca so rua do horto 931 da em um lugar diferent. Policiamento Ambiental do Estado de São Paulo - R. do Horto, 931 - Horto Florestal, São Paulo - SP, Brasil",-23.4598158,-46.6361394,amostra não enviada,amostra não enviada,,,,,,,,,,,,,,,,,,,,,
Norte,5734936,No_sample,74610,NÃO DETERMINADO,28/12/2017,2017,12,28,desconhecida,28/12/2017,Bugio-ruivo,Alouatta clamitans,"P.E. Albert Lofgren/ Horto Florestal - Rua do Horto, 931 - Horto Florestal - CEP: 02377-000 - São Paulo - SP","** se coloca so rua do horto 931 da em um lugar diferent. Policiamento Ambiental do Estado de São Paulo - R. do Horto, 931 - Horto Florestal, São Paulo - SP, Brasil",-23.4598158,-46.6361394,amostra não enviada,amostra não enviada,,,,,,,,,,,,,,,,,,,,,
Norte,5734937,Sequenced,74615,POSITIVO,29/12/2017,2017,12,29,desconhecida,29/12/2017,Bugio-ruivo,Alouatta clamitans,"Rua Ângelo Capricho, 128 - Horto Florestal - CEP: 02377-010 - São Paulo - SP",,-23.4587042,-46.6304206,Positivo,Positivo,"Infecciosa, agente viral, febre amarela",-,Autólise avançada,2778,Sequenced,BC13,YFV_horto,49591,1907.76,10224,10219,86.3892,,,,,,,,,
Norte,5734939,No_sample,74631,POSITIVO,29/12/2017,2017,12,29,desconhecida,29/12/2017,Bugio-ruivo,Alouatta clamitans,"P.E. Albert Lofgren/ Horto Florestal - Rua do Horto, 931 - Horto Florestal - CEP: 02377-000 - São Paulo - SP","** se coloca so rua do horto 931 da em um lugar diferent. Policiamento Ambiental do Estado de São Paulo - R. do Horto, 931 - Horto Florestal, São Paulo - SP, Brasil",-23.4598158,-46.6361394,Positivo,Positivo,"Infecciosa, agente viral, febre amarela",-,Hepatopatia e nefropatia,,,,,,,,,,,,,,,,,,
Norte,5734939,No_sample,74632,POSITIVO,29/12/2017,2017,12,29,desconhecida,29/12/2017,Bugio-ruivo,Alouatta clamitans,"P.E. Albert Lofgren/ Horto Florestal - Rua do Horto, 931 - Horto Florestal - CEP: 02377-000 - São Paulo - SP","** se coloca so rua do horto 931 da em um lugar diferent. Policiamento Ambiental do Estado de São Paulo - R. do Horto, 931 - Horto Florestal, São Paulo - SP, Brasil",-23.4598158,-46.6361394,Positivo,Positivo,"Infecciosa, agente viral, febre amarela",-,"Hepatopatia, palidez renal acentuada, efusão sanguinolenta abdominal",,,,,,,,,,,,,,,,,,
Norte,5734940,Sequenced,74633,POSITIVO,29/12/2017,2017,12,29,desconhecida,29/12/2017,Bugio-ruivo,Alouatta clamitans,"Avenida Água Fria, 1923 - Barro Branco - CEP: 02333-900 - São Paulo - SP","CEP diferente Av. Água Fria, 1923 - Tucuruvi, São Paulo - SP, 02333-001, Brasil",-23.4723139,-46.6182287,Positivo,Positivo,"Infecciosa, agente viral, febre amarela",-,"Hepatopatia, nefropatia, ascite, hidropericárdio",2777,Sequenced,BC19,YFV_Lib02Rep_20220516,312002,4700.31,10224,10219,86.4444,,,,,,,,,
Norte,5734941,No_sample,74639,NÃO DETERMINADO,30/12/2017,2017,12,30,desconhecida,30/12/2017,Bugio-ruivo,Alouatta clamitans,"P.E. Albert Lofgren/ Horto Florestal - Rua do Horto, 931 - Horto Florestal - CEP: 02377-000 - São Paulo - SP","** se coloca so rua do horto 931 da em um lugar diferent. Policiamento Ambiental do Estado de São Paulo - R. do Horto, 931 - Horto Florestal, São Paulo - SP, Brasil",-23.4598158,-46.6361394,amostra não enviada,amostra não enviada,,,,,,,,,,,,,,,,,,,,,
Norte,5734941,No_sample,74640,NÃO DETERMINADO,30/12/2017,2017,12,30,desconhecida,30/12/2017,Bugio-ruivo,Alouatta clamitans,"P.E. Albert Lofgren/ Horto Florestal - Rua do Horto, 931 - Horto Florestal - CEP: 02377-000 - São Paulo - SP","** se coloca so rua do horto 931 da em um lugar diferent. Policiamento Ambiental do Estado de São Paulo - R. do Horto, 931 - Horto Florestal, São Paulo - SP, Brasil",-23.4598158,-46.6361394,amostra não enviada,amostra não enviada,,,,,,,,,,,,,,,,,,,,,
Norte,5734941,No_sample,74641,NÃO DETERMINADO,30/12/2017,2017,12,30,desconhecida,30/12/2017,Bugio-ruivo,Alouatta clamitans,"P.E. Albert Lofgren/ Horto Florestal - Rua do Horto, 931 - Horto Florestal - CEP: 02377-000 - São Paulo - SP","** se coloca so rua do horto 931 da em um lugar diferent. Policiamento Ambiental do Estado de São Paulo - R. do Horto, 931 - Horto Florestal, São Paulo - SP, Brasil",-23.4598158,-46.6361394,amostra não enviada,amostra não enviada,,,,,,,,,,,,,,,,,,,,,
Norte,5734943,IMT_Freezer_TBS,74646,POSITIVO,31/12/2017,2017,12,31,desconhecida,31/12/2017,Bugio-ruivo,Alouatta clamitans,"P.E. Albert Lofgren/ Horto Florestal - Rua do Horto, 931 - Horto Florestal - CEP: 02377-000 - São Paulo - SP","** se coloca so rua do horto 931 da em um lugar diferent. Policiamento Ambiental do Estado de São Paulo - R. do Horto, 931 - Horto Florestal, São Paulo - SP, Brasil",-23.4598158,-46.6361394,Positivo,Positivo,"Infecciosa, agente viral, febre amarela",-,Autólise avançada,,,,,,,,,,,,,,,,,,
Norte,5734943,IMT_Freezer_TBS,74647,POSITIVO,31/12/2017,2017,12,31,desconhecida,31/12/2017,Bugio-ruivo,Alouatta clamitans,"P.E. Albert Lofgren/ Horto Florestal - Rua do Horto, 931 - Horto Florestal - CEP: 02377-000 - São Paulo - SP","** se coloca so rua do horto 931 da em um lugar diferent. Policiamento Ambiental do Estado de São Paulo - R. do Horto, 931 - Horto Florestal, São Paulo - SP, Brasil",-23.4598158,-46.6361394,Positivo,Positivo,"Infecciosa, agente viral, febre amarela",-,Autólise avançada,,,,,,,,,,,,,,,,,,
Norte,5734943,IMT_Freezer_TBS,74649,POSITIVO,31/12/2017,2017,12,31,31/12/2017,31/12/2017,Bugio-ruivo,Alouatta clamitans,"P.E. Albert Lofgren/ Horto Florestal - Rua do Horto, 931 - Horto Florestal - CEP: 02377-000 - São Paulo - SP","** se coloca so rua do horto 931 da em um lugar diferent. Policiamento Ambiental do Estado de São Paulo - R. do Horto, 931 - Horto Florestal, São Paulo - SP, Brasil",-23.4598158,-46.6361394,Positivo,Positivo,"Infecciosa, agente viral, febre amarela",-,"Aderência pulmonar em pericárdio, hepatopatia, esplenomegalia",,,,,,,,,,,,,,,,,,
Norte,5734943,No_sample,74650,POSITIVO,31/12/2017,2017,12,31,desconhecida,31/12/2017,Bugio-ruivo,Alouatta clamitans,"P.E. Albert Lofgren/ Horto Florestal - Rua do Horto, 931 - Horto Florestal - CEP: 02377-000 - São Paulo - SP","** se coloca so rua do horto 931 da em um lugar diferent. Policiamento Ambiental do Estado de São Paulo - R. do Horto, 931 - Horto Florestal, São Paulo - SP, Brasil",-23.4598158,-46.6361394,,,,,,,,,,,,,,,,,,,,,,,
Norte,5734943,No_sample,74651,POSITIVO,31/12/2017,2017,12,31,desconhecida,31/12/2017,Bugio-ruivo,Alouatta clamitans,"P.E. Albert Lofgren/ Horto Florestal - Rua do Horto, 931 - Horto Florestal - CEP: 02377-000 - São Paulo - SP","** se coloca so rua do horto 931 da em um lugar diferent. Policiamento Ambiental do Estado de São Paulo - R. do Horto, 931 - Horto Florestal, São Paulo - SP, Brasil",-23.4598158,-46.6361394,,,,,,,,,,,,,,,,,,,,,,,
Norte,5734943,No_sample,74652,POSITIVO,31/12/2017,2017,12,31,desconhecida,31/12/2017,Bugio-ruivo,Alouatta clamitans,"P.E. Albert Lofgren/ Horto Florestal - Rua do Horto, 931 - Horto Florestal - CEP: 02377-000 - São Paulo - SP","** se coloca so rua do horto 931 da em um lugar diferent. Policiamento Ambiental do Estado de São Paulo - R. do Horto, 931 - Horto Florestal, São Paulo - SP, Brasil",-23.4598158,-46.6361394,,,,,,,,,,,,,,,,,,,,,,,
Norte,5734943,No_sample,74653,POSITIVO,31/12/2017,2017,12,31,desconhecida,31/12/2017,Bugio-ruivo,Alouatta clamitans,"P.E. Albert Lofgren/ Horto Florestal - Rua do Horto, 931 - Horto Florestal - CEP: 02377-000 - São Paulo - SP","** se coloca so rua do horto 931 da em um lugar diferent. Policiamento Ambiental do Estado de São Paulo - R. do Horto, 931 - Horto Florestal, São Paulo - SP, Brasil",-23.4598158,-46.6361394,,,,,,,,,,,,,,,,,,,,,,,
Norte,5734943,No_sample,74654,POSITIVO,31/12/2017,2017,12,31,desconhecida,31/12/2017,Bugio-ruivo,Alouatta clamitans,"P.E. Albert Lofgren/ Horto Florestal - Rua do Horto, 931 - Horto Florestal - CEP: 02377-000 - São Paulo - SP","** se coloca so rua do horto 931 da em um lugar diferent. Policiamento Ambiental do Estado de São Paulo - R. do Horto, 931 - Horto Florestal, São Paulo - SP, Brasil",-23.4598158,-46.6361394,,,,,,,,,,,,,,,,,,,,,,,
Norte,5734944,Sequenced,74648,POSITIVO,31/12/2017,2017,12,31,desconhecida,31/12/2017,Bugio-ruivo,Alouatta clamitans,"Av. Nova Cantareira, 3659 - Tucuruvi - CEP: 02341-001 - São Paulo - SP",,-23.4691167,-46.6188037,Positivo,Positivo,"Infecciosa, agente viral, febre amarela",-,"Hepatopatia, hidropericárdio, alças congestas, glândulas mamárias desenvolvidas",2776,Sequenced,BC12,YFV_horto,65991,2560.82,10219,10217,86.1405,,,,,,,,,
Norte,5734945,Sequenced,74692,POSITIVO,02/01/2018,2018,1,2,02/01/2018,02/01/2018,Bugio-ruivo,Alouatta clamitans,"Av. Nova Cantareira, 3659 - Tucuruvi - CEP: 02341-001 - São Paulo - SP",,-23.4691167,-46.6188037,Positivo,Positivo,"Infecciosa, agente viral, febre amarela",-,"Hepatopatia, nefropatia, esplenomegalia, ascite, hidropericárdio",2784,Sequenced,BC21,YFV_Lib02Rep_20220516,202826,4320.5,10226,10225,87.5495,,,,,,,,,
Norte,5734948,No_sample,74718,POSITIVO,03/01/2018,2018,1,3,03/01/2018,03/01/2018,Bugio-ruivo,Alouatta clamitans,"Rua Manoel Morais Pontes, 271 - Vila Albertina - CEP: 02372-140 - São Paulo - SP","CEP diferente. Rua Manuel Morais Pontes, 271 - Vila Albertina, São Paulo - SP, 02373-000, Brasil",-23.4557207,-46.6197139,Positivo,Positivo,"Eutanásia, febre amarela",-,Nefropatia e hepatopatia,,,,,,,,,,,,,,,,,,
Norte,5734949,No_sample,74736,NÃO DETERMINADO,03/01/2018,2018,1,3,desconhecida,04/01/2018,Bugio-ruivo,Alouatta clamitans,"P.E. Albert Lofgren/ Horto Florestal - Rua do Horto, 931 - Horto Florestal - CEP: 02377-000 - São Paulo - SP","** se coloca so rua do horto 931 da em um lugar diferent. Policiamento Ambiental do Estado de São Paulo - R. do Horto, 931 - Horto Florestal, São Paulo - SP, Brasil",-23.4598158,-46.6361394,amostra não enviada,amostra não enviada,,,,,,,,,,,,,,,,,,,,,
Norte,5734950,No_sample,74747,POSITIVO,04/01/2018,2018,1,4,desconhecida,04/01/2018,Bugio-ruivo,Alouatta clamitans,"Av. Nova Cantareira, 3659 - Tucuruvi - CEP: 02341-001 - São Paulo - SP",,-23.4691167,-46.6188037,Positivo,Positivo,"Infecciosa, agente viral, febre amarela",-,Autólise avançada,,,,,,,,,,,,,,,,,,
Norte,5734950,No_sample,74748,POSITIVO,04/01/2018,2018,1,4,desconhecida,04/01/2018,,Alouatta clamitans,"Av. Nova Cantareira, 3659 - Tucuruvi - CEP: 02341-001 - São Paulo - SP",,-23.4691167,-46.6188037,Positivo,Positivo,"Infecciosa, agente viral, febre amarela",-,Hepatopatia e nefropatia,,,,,,,,,,,,,,,,,,
Norte,5734950,No_sample,74749,POSITIVO,04/01/2018,2018,1,4,desconhecida,04/01/2018,Bugio-ruivo,Alouatta clamitans,"Av. Nova Cantareira, 3659 - Tucuruvi - CEP: 02341-001 - São Paulo - SP",,-23.4691167,-46.6188037,Positivo,Positivo,"Infecciosa, agente viral, febre amarela",-,Hepatopatia e nefropatia,,,,,,,,,,,,,,,,,,
Norte,5734952,No_sample,74786,POSITIVO,05/01/2018,2018,1,5,desconhecida,05/01/2018,Bugio-ruivo,Alouatta clamitans,"P.E. Albert Lofgren/ Horto Florestal - Rua do Horto, 931 - Horto Florestal - CEP: 02377-000 - São Paulo - SP","** se coloca so rua do horto 931 da em um lugar diferent. Policiamento Ambiental do Estado de São Paulo - R. do Horto, 931 - Horto Florestal, São Paulo - SP, Brasil",-23.4598158,-46.6361394,Positivo,Positivo,"Infecciosa, agente viral, febre amarela",-,"Hepatopatia, hemoperitônio, nefropatia, hidropericárdio",2869,,,,,,,,,,,,,,,,,
Norte,5734952,No_sample,74787,POSITIVO,05/01/2018,2018,1,5,desconhecida,05/01/2018,Bugio-ruivo,Alouatta clamitans,"P.E. Albert Lofgren/ Horto Florestal - Rua do Horto, 931 - Horto Florestal - CEP: 02377-000 - São Paulo - SP","** se coloca so rua do horto 931 da em um lugar diferent. Policiamento Ambiental do Estado de São Paulo - R. do Horto, 931 - Horto Florestal, São Paulo - SP, Brasil",-23.4598158,-46.6361394,Positivo,Positivo,"Infecciosa, agente viral, febre amarela",-,"Coágulo em cavidade abdominal, hepatopatia, palidez renal, edema pulmonar e feto abortado",,,,,,,,,,,,,,,,,,
Norte,5734954,No_sample,74815,NÃO DETERMINADO,05/01/2018,2018,1,5,desconhecida,06/01/2018,Bugio-ruivo,Alouatta clamitans,"P.E. Albert Lofgren/ Horto Florestal - Rua do Horto, 931 - Horto Florestal - CEP: 02377-000 - São Paulo - SP","** se coloca so rua do horto 931 da em um lugar diferent. Policiamento Ambiental do Estado de São Paulo - R. do Horto, 931 - Horto Florestal, São Paulo - SP, Brasil",-23.4598158,-46.6361394,amostra não enviada,amostra não enviada,,,,,,,,,,,,,,,,,,,,,
Norte,5734955,No_sample,74840,NÃO DETERMINADO,07/01/2018,2018,1,7,desconhecida,07/01/2018,Bugio-ruivo,Alouatta clamitans,"Rua Gabriel Martins , 68 - Parque Ramos Freitas - CEP: 02353-090 - São Paulo - SP",,-23.4521178,-46.6063849,amostra não enviada,amostra não enviada,,,,,,,,,,,,,,,,,,,,,
Norte,4303334,Sequenced,75022,POSITIVO,15/01/2018,2018,1,15,desconhecida,15/01/2018,Bugio-ruivo,Alouatta clamitans,"Avenida Coronel Sezefredo Fagundes, 4600 - Tucuruvi - CEP: 02306-004 - São Paulo - SP",,-23.4454264,-46.5964362,Positivo,,"Infecciosa, agente viral, febre amarela",-,"Diversos órgãos autolisados, fígado com coloração amarelo-esverdeada",3202,Sequenced,BC32,YFV_Lib02Rep_20220516,108562,3215.03,10231,10231,87.7245,,,,,,,,,
Mairipora,4303335,No_sample,75011,NEGATIVO,09/01/2018,2018,1,9,desconhecida,15/01/2018,Bugio-ruivo,Alouatta clamitans,"Estrada Laramara, 3500 - Corumbá - CEP: 07600-000 - Mairiporã - SP","Estr. Laramara, 3500 - Terra Preta, Mairiporã - SP, 07600-000, Brasil",-23.245244,-46.569971,Negativo,amostra não enviada,Não determinada - não realizada necropsia,-,Necropsia não realizada,,,,,,,,,,,,,,,,,,
Norte,4303336,No_sample,75024,NÃO DETERMINADO,15/01/2018,2018,1,15,desconhecida,15/01/2018,Bugio-ruivo,Alouatta clamitans,"Avenida Tenente Júlio Prado Neves, 95 - Vila Albertina - 02370-000 - São Paulo - SP",,-23.4644648,-46.6172625,amostra não enviada,amostra não enviada,,,,,,,,,,,,,,,,,,,,,
Norte,4303336,No_sample,75025,NÃO DETERMINADO,15/01/2018,2018,1,15,desconhecida,15/01/2018,Bugio-ruivo,Alouatta clamitans,"Avenida Tenente Júlio Prado Neves, 95 - Vila Albertina - 02370-000 - São Paulo - SP",,-23.4644648,-46.6172625,amostra não enviada,amostra não enviada,,,,,,,,,,,,,,,,,,,,,
Norte,4303336,No_sample,75026,NÃO DETERMINADO,15/01/2018,2018,1,15,desconhecida,15/01/2018,Bugio-ruivo,Alouatta clamitans,"Avenida Tenente Júlio Prado Neves, 95 - Vila Albertina - 02370-000 - São Paulo - SP",,-23.4644648,-46.6172625,amostra não enviada,amostra não enviada,,,,,,,,,,,,,,,,,,,,,
Norte,4303369,Sequenced,75094,POSITIVO,19/01/2018,2018,1,19,desconhecida,19/01/2018,Bugio-ruivo,Alouatta clamitans,"Avenida Coronel Sezefredo Fagundes, 4600 - Tucuruvi - CEP: 02306-004 - São Paulo - SP",,-23.4454264,-46.5964362,Positivo,Positivo,"Infecciosa, agente viral, febre amarela",-,Autólise avançada,2971,Sequenced,BC31,YFV_Lib02Rep_20220516,24888,1727.69,5675,5657,37.4804,,,,,,,,,
Norte,4303381,No_sample,75278,POSITIVO,27/01/2018,2018,1,27,desconhecida,27/01/2018,Sagui,Callithrix sp.,"Rua I, 57 - Jardim Vitória Regia (Taipas) - CEP: 02859-210 - São Paulo - SP","Rua I, 57 - Jardim Vitória Régia (Zona Norte), São Paulo - SP, 02859-210, Brasil",-23.4401177,-46.7043919,Negativo,Negativo (fígado) / Positivo (encéfalo),Inconclusiva,-,"Ruptura hepática, congestão pulmonar. Febre amarela.",,,,,,,,,,,,,,,,,,
Mairiporã,4303388,No_sample,75358,POSITIVO,30/01/2018,2018,1,30,24/01/2018,31/01/2018,Sagui-da-serra-escuro,Callithrix aurita,"Av. Senador José Erminio de Morais, s/n - CEP: 02357-000 - Mairiporã - SP - alt. P.E. da Cantareira - Núcleo Águas Claras","CEP errado Parque Estadual Cantareira - Núcleo Águas Claras - Av. Sen. José Ermírio de Moraes, s/n - Sítio Barrocada, Mairiporã - SP, 07600-000, Brasil",-23.4214045,-46.6215058,Amostra inadequada,Positivo,"Traumatismo, indeterminado",-,"Alopecia extensa em região dorsal, hematoma em região inguinal, laceração hepática, cont sanguinolento em cav abdom (sug de trauma)",,,,,,,,,,,,,,,,,,
Mairiporã,4303389,No_sample,75359,POSITIVO,30/01/2018,2018,1,30,24/01/2018,31/01/2018,Sagui,Callithrix sp.,"Rodovia Fernão Dias, km 65-67 - CEP: 07600-000 - Mairiporã - SP - Altura pedágio Mairiporã","nao consegui achar pelo km, mas na imagem aparece o pedagio. Rod. Fernão Dias, Mairiporã - SP, 07600-000, Brasil",-23.329005,-46.5776382,Negativo,Positivo,"Infecciosa, agente viral, febre amarela",-,Intensa congestão pulmonar e nefropatia,,,,,,,,,,,,,,,,,,
Norte,4303431,No_sample,75707,NEGATIVO,23/02/2018,2018,2,23,desconhecida,26/02/2018,Sagui,Callithrix sp.,"P.E. Albert Lofgren - Rua do Horto, 931 - Horto Florestal - CEP: 023770-000 - São Paulo - SP - ABANDONO","** se coloca so rua do horto 931 da em um lugar diferent. Policiamento Ambiental do Estado de São Paulo - R. do Horto, 931 - Horto Florestal, São Paulo - SP, Brasil",-23.4598158,-46.6361394,Negativo,Negativo,Eutanásia,-,Hepatomegalia e nefropatia,,,,,,,,,,,,,,,,,,
Norte,4303472,No_sample,76669,NEGATIVO,30/03/2018,2018,3,30,desconhecida,30/03/2018,Sagui,Callithrix sp.,"Rua Maetinga, 18 - Vila Santos - CEP: 02637-040 - São Paulo - SP",,-23.4538874,-46.6502088,"Amostra inadequada, autólise",Negativo,"Traumatismo, indeterminado",X,"Autólise avançada, fratura craniana extensa (TCE)",,,,,,,,,,,,,,,,,,
Norte,4303495,No_sample,76905,NEGATIVO,18/04/2018,2018,4,18,18/04/2018,18/04/2018,Sagui,Callithrix sp.,"Parque Municipal Lions Club Tucuruvi - Rua Alcindo Bueno de Assis, 500 - Barro Branco - CEP: 02344-080 - São Paulo - SP","parque ou rua? um em cada rua R. Alcindo Bueno de Assis, 500 - Tucuruvi, São Paulo - SP, 02344-080, Brasil",-23.4681372,-46.6072671,Negativo,Negativo,Eutanásia,X,"Conteúdo sang em narinas e cavidade oral, coágulo sg em região mentoniana, hematoma em região parietal",,,,,,,,,,,,,,,,,,
Mairipora,4303503,No_sample,77005,NEGATIVO,24/04/2018,2018,4,24,desconhecida,24/04/2018,Sagui-da-serra-escuro,Callithrix aurita,"RPPN Sítio Capuavinha - Capuavinha - CEP: 07600-000 - Mairiporã - SP - coordenadas 23°18'55.05""S 46°34'08.90""O","Conferir. RPPN Sítio Curucutu - Estrada do Capivari, Estr. do Curucutu, 13041, São Paulo - SP, 04895-090, Brasil",-23.8921369,-46.6179791,Negativo,"Negativo (fígado), negativo (encéfalo)","Traumatismo, indeterminado",-,"Extenso hematoma, fratura de costelas, ruptura de fígado e estômago - SUSPEITA DE PREDAÇÃO",,,,,,,,,,,,,,,,,,
Norte,4303237,No_sample,77632,NEGATIVO,05/06/2018,2018,6,5,desconhecido,05/06/2018,Sagui,Callithrix sp.,"Avenida Nova Cantareira, 3659 - Tucuruvi - CEP: 02341-001 - São Paulo - SP",,-23.4691167,-46.6188037,Inadequado (autólise),"Negativo (encéfalo), Negativo (fígado)","Traumatismo, eletrocussão",-,"Lesões extensas de queimadura, perda dos pés, fratura de cauda, pelos chamuscados",,,,,,,,,,,,,,,,,,
Norte,4303253,No_sample,77737,NEGATIVO,15/06/2018,2018,6,15,desconhecido,18/06/2018,Sagui,Callithrix sp.,"P.E. Albert Lofgren - Rua Luís Carlos Gentile de Laet, 553 - Horto Florestal - CEP: 02378-000 - São Paulo - SP","P.E. Albert Lofgren ou Rua Luís Carlos Gentile de Laet, 553?",-23.4625002,-46.6295915,Negativo,"Negativo (fígado), negativo (encéfalo)","Traumatismo, acidental, atropelamento",-,"Hiperplasia mamária, animal magro, desidratado. Hematoma extenso, ruptura hepática e diafragmática",,,,,,,,,,,,,,,,,,
Mairipora,6656382,No_sample,78576,NEGATIVO,14/08/2018,2018,8,14,14/08/2018,16/08/2018,Sagui,Callithrix sp.,"Estrada Santa Inês, km 17,5 - Condomínio Chácara Bela Vista - CEP 07600-000 - Mairiporã - SP","nao acha pelo km, cep diferente",-23.4189989,-46.6655516,Negativo,Negativo,"Eutanásia, traumatismo",-,"Lesão torácica vertebral, retenção urinária e de fezes, hemoperitôneio, ruptura hepática",,,,,,,,,,,,,,,,,,
Norte,6656397,No_sample,79063,NEGATIVO,08/09/2018,2018,9,8,10/09/2018,10/09/2018,Sagui,Callithrix sp.,"Avenida Nova Cantareira, 3924 (Rua 1 - condomínio) - Tucuruvi - CEP: 02340-001 - São Paulo - SP","Av. Nova Cantareira, 3924 - Tremembé, São Paulo - SP, 02340-001, Brasil",-23.4662852,-46.6159149,HP não compativel com FA,Negativo,"Eutanásia, reprodutiva, distocia",-,"Presença de feto em útero e um natimorto, repleção de vesícula urinária",,,,,,,,,,,,,,,,,,
Mairipora,6830566,No_sample,79727,NEGATIVO,26/09/2018,2018,9,26,26/09/2018,26/09/2018,Bugio-ruivo,Alouatta clamitans,Rua Pau Marfim - Condomínio Sausalito - CEP: 07600-000 - Mairiporã - SP,,-23.3720397,-46.6437934,Não realizada (HP ñ compatível com FA),Negativo,8,-,"Ascite, hidropericárdio, hepatopatia, nefropatia, endocardite (?)",,,,,,,,,,,,,,,,,,
Norte,6830598,No_sample,82488,NEGATIVO,05/12/2018,2018,12,5,05/12/2018,06/12/2018,Sagui,Callithrix sp,"Rua José Vicente, 181 - Tremembé - CEP: 02370-080 - São Paulo - SP",,-23.461726,-46.623013,Não realizada (HP ñ compatível com FA),"Negativo (encéfalo), Negativo (fígado)",Eutanásia,-,"Edema em pálpebra esquerda, congestão encefálica e em ID",,,,,,,,,,,,,,,,,,
Norte,6830602,No_sample,82694,NEGATIVO,11/12/2018,2018,12,11,11/12/2018,11/12/2018,Macaco-prego,Sapajus sp,"Avenida Santa Inês, alt. 2920/ portão 7 - Jardim Peri - CEP: 02631-000 - São Paulo - SP",,-23.4613387,-46.6395745,Inadequado (autólise),"Negativo (encéfalo), Negativo (fígado)","Traumatismo, acidental, atropelamento",X,"Autólise, fratura de crânio",,,,,,,,,,,,,,,,,,
Norte,6830602,No_sample,82695,NEGATIVO,11/12/2018,2018,12,11,11/12/2018,11/12/2018,Macaco-prego,Sapajus sp,"Avenida Santa Inês, alt. 2920/ portão 7 - Jardim Peri - CEP: 02631-000 - São Paulo - SP",,-23.4613387,-46.6395745,Inadequado (autólise),"Negativo (encéfalo), Negativo (fígado)","Traumatismo, acidental, atropelamento",X,"Hematoma encefálico, hemorragia intracraniana",,,,,,,,,,,,,,,,,,
Norte,6830602,No_sample,82763,NEGATIVO,11/12/2018,2018,12,11,11/12/2018,11/12/2018,Macaco-prego,Sapajus sp,"Avenida Santa Inês, alt. 2920/ portão 7 - Jardim Peri - CEP: 02631-000 - São Paulo - SP",,-23.4613387,-46.6395745,Não recebido,"Negativo (encéfalo), Negativo (fígado)","Circulatória, choque hipovolêmico",-,"Morte da mãe, animal intra-útero",,,,,,,,,,,,,,,,,,